"","Groupe","Cocktail","Ingrédients","Images"
"1","96-grands-classiques","mojito","6 cl de rhum cubain (havana club, bacardi)","https://assets.afcdn.com/recipe/20180705/80255_w512h384c1cx2774cy1849.jpg"
"2","96-grands-classiques","mojito","3 cl de jus de citrons verts","https://assets.afcdn.com/recipe/20180705/80255_w512h384c1cx2774cy1849.jpg"
"3","96-grands-classiques","mojito","7 feuilles de menthe","https://assets.afcdn.com/recipe/20180705/80255_w512h384c1cx2774cy1849.jpg"
"4","96-grands-classiques","mojito"," Eau gazeuse","https://assets.afcdn.com/recipe/20180705/80255_w512h384c1cx2774cy1849.jpg"
"5","96-grands-classiques","mojito","2 cl de sirop de sucre de canne","https://assets.afcdn.com/recipe/20180705/80255_w512h384c1cx2774cy1849.jpg"
"6","96-grands-classiques","pina-colada","4 cl de rhum blanc","https://assets.afcdn.com/recipe/20180705/80258_w512h384c1cx974cy1535.jpg"
"7","96-grands-classiques","pina-colada","2 cl de rhum ambré","https://assets.afcdn.com/recipe/20180705/80258_w512h384c1cx974cy1535.jpg"
"8","96-grands-classiques","pina-colada","12 cl de jus d'ananas","https://assets.afcdn.com/recipe/20180705/80258_w512h384c1cx974cy1535.jpg"
"9","96-grands-classiques","pina-colada","4 cl de lait de coco","https://assets.afcdn.com/recipe/20180705/80258_w512h384c1cx974cy1535.jpg"
"10","96-grands-classiques","cosmopolitan","4 cl de vodka","https://assets.afcdn.com/recipe/20180705/80274_w512h384c1cx2378cy1278.jpg"
"11","96-grands-classiques","cosmopolitan","2 cl de triple sec (cointreau, grand marnier)","https://assets.afcdn.com/recipe/20180705/80274_w512h384c1cx2378cy1278.jpg"
"12","96-grands-classiques","cosmopolitan","2 cl de jus de cranberry (canneberges)","https://assets.afcdn.com/recipe/20180705/80274_w512h384c1cx2378cy1278.jpg"
"13","96-grands-classiques","cosmopolitan","1 cl de jus de citrons verts","https://assets.afcdn.com/recipe/20180705/80274_w512h384c1cx2378cy1278.jpg"
"14","96-grands-classiques","punch","100 cl de rhum blanc","https://assets.afcdn.com/recipe/20180705/80349_w512h384c1cx2208cy2125.jpg"
"15","96-grands-classiques","punch","50 cl de sirop de sucre de canne","https://assets.afcdn.com/recipe/20180705/80349_w512h384c1cx2208cy2125.jpg"
"16","96-grands-classiques","punch","100 cl de jus d'oranges","https://assets.afcdn.com/recipe/20180705/80349_w512h384c1cx2208cy2125.jpg"
"17","96-grands-classiques","punch","100 cl de jus d'ananas","https://assets.afcdn.com/recipe/20180705/80349_w512h384c1cx2208cy2125.jpg"
"18","96-grands-classiques","punch","100 cl de jus de pamplemousses","https://assets.afcdn.com/recipe/20180705/80349_w512h384c1cx2208cy2125.jpg"
"19","96-grands-classiques","punch","1 cannelle","https://assets.afcdn.com/recipe/20180705/80349_w512h384c1cx2208cy2125.jpg"
"20","96-grands-classiques","punch","3 sachets de thé","https://assets.afcdn.com/recipe/20180705/80349_w512h384c1cx2208cy2125.jpg"
"21","96-grands-classiques","caipirinha","6 cl de cachaça","https://assets.afcdn.com/recipe/20180705/80337_w512h384c1cx2896cy3132.jpg"
"22","96-grands-classiques","caipirinha","1 citron vert","https://assets.afcdn.com/recipe/20180705/80337_w512h384c1cx2896cy3132.jpg"
"23","96-grands-classiques","caipirinha","1 cuillère à soupe de sucre","https://assets.afcdn.com/recipe/20180705/80337_w512h384c1cx2896cy3132.jpg"
"24","96-grands-classiques","margarita","5 cl de tequila","https://assets.afcdn.com/recipe/20180705/80288_w512h384c1cx1473cy1313.jpg"
"25","96-grands-classiques","margarita","3 cl de triple sec (cointreau, grand marnier)","https://assets.afcdn.com/recipe/20180705/80288_w512h384c1cx1473cy1313.jpg"
"26","96-grands-classiques","margarita","2 cl de jus de citrons verts","https://assets.afcdn.com/recipe/20180705/80288_w512h384c1cx1473cy1313.jpg"
"27","96-grands-classiques","blue-lagoon","4 cl de vodka","https://assets.afcdn.com/recipe/20180705/80346_w512h384c1cx1727cy777.jpg"
"28","96-grands-classiques","blue-lagoon","3 cl de curaçao bleu","https://assets.afcdn.com/recipe/20180705/80346_w512h384c1cx1727cy777.jpg"
"29","96-grands-classiques","blue-lagoon","2 cl de jus de citrons","https://assets.afcdn.com/recipe/20180705/80346_w512h384c1cx1727cy777.jpg"
"30","96-grands-classiques","sex-on-the-beach","3 cl de vodka","https://assets.afcdn.com/recipe/20180705/80336_w512h384c1cx1859cy2900.jpg"
"31","96-grands-classiques","sex-on-the-beach","2 cl de sirop de melon","https://assets.afcdn.com/recipe/20180705/80336_w512h384c1cx1859cy2900.jpg"
"32","96-grands-classiques","sex-on-the-beach","2 cl de chambord","https://assets.afcdn.com/recipe/20180705/80336_w512h384c1cx1859cy2900.jpg"
"33","96-grands-classiques","sex-on-the-beach","5 cl de jus d'ananas","https://assets.afcdn.com/recipe/20180705/80336_w512h384c1cx1859cy2900.jpg"
"34","96-grands-classiques","sex-on-the-beach","6 cl de jus de cranberry (canneberges)","https://assets.afcdn.com/recipe/20180705/80336_w512h384c1cx1859cy2900.jpg"
"35","96-grands-classiques","americano","2 cl de vermouth rouge (martini, cinzano)","https://assets.afcdn.com/recipe/20180801/81649_w512h384c1cx1766cy2888.jpg"
"36","96-grands-classiques","americano","4 cl de campari","https://assets.afcdn.com/recipe/20180801/81649_w512h384c1cx1766cy2888.jpg"
"37","96-grands-classiques","americano"," Eau gazeuse","https://assets.afcdn.com/recipe/20180801/81649_w512h384c1cx1766cy2888.jpg"
"38","96-grands-classiques","long-island-iced-tea","1.5 cl de vodka","https://assets.afcdn.com/recipe/20180801/81657_w512h384c1cx2880cy1920.jpg"
"39","96-grands-classiques","long-island-iced-tea","1.5 cl de gin","https://assets.afcdn.com/recipe/20180801/81657_w512h384c1cx2880cy1920.jpg"
"40","96-grands-classiques","long-island-iced-tea","1.5 cl de rhum blanc","https://assets.afcdn.com/recipe/20180801/81657_w512h384c1cx2880cy1920.jpg"
"41","96-grands-classiques","long-island-iced-tea","1.5 cl de triple sec (cointreau, grand marnier)","https://assets.afcdn.com/recipe/20180801/81657_w512h384c1cx2880cy1920.jpg"
"42","96-grands-classiques","long-island-iced-tea","1.5 cl de tequila","https://assets.afcdn.com/recipe/20180801/81657_w512h384c1cx2880cy1920.jpg"
"43","96-grands-classiques","long-island-iced-tea","1 cl de jus de citrons","https://assets.afcdn.com/recipe/20180801/81657_w512h384c1cx2880cy1920.jpg"
"44","96-grands-classiques","long-island-iced-tea","3 cl de cola (coca cola, pepsi)","https://assets.afcdn.com/recipe/20180801/81657_w512h384c1cx2880cy1920.jpg"
"45","96-grands-classiques","bloody-mary","4 cl de vodka","https://assets.afcdn.com/recipe/20180801/81645_w512h384c1cx2200cy1227.jpg"
"46","96-grands-classiques","bloody-mary","12 cl de jus de tomates","https://assets.afcdn.com/recipe/20180801/81645_w512h384c1cx2200cy1227.jpg"
"47","96-grands-classiques","bloody-mary","1/2 cl de jus de citrons","https://assets.afcdn.com/recipe/20180801/81645_w512h384c1cx2200cy1227.jpg"
"48","96-grands-classiques","bloody-mary","1/2 cl de sauce worcestershire","https://assets.afcdn.com/recipe/20180801/81645_w512h384c1cx2200cy1227.jpg"
"49","96-grands-classiques","bloody-mary","2 gouttes de tabasco","https://assets.afcdn.com/recipe/20180801/81645_w512h384c1cx2200cy1227.jpg"
"50","96-grands-classiques","bloody-mary"," Sel de céleri","https://assets.afcdn.com/recipe/20180801/81645_w512h384c1cx2200cy1227.jpg"
"51","96-grands-classiques","bloody-mary"," Sel","https://assets.afcdn.com/recipe/20180801/81645_w512h384c1cx2200cy1227.jpg"
"52","96-grands-classiques","bloody-mary"," Poivre","https://assets.afcdn.com/recipe/20180801/81645_w512h384c1cx2200cy1227.jpg"
"53","96-grands-classiques","ti-punch","6 cl de rhum blanc","https://assets.afcdn.com/recipe/20180814/81787_w512h384c1cx1932cy1288.jpg"
"54","96-grands-classiques","ti-punch","2 cl de sirop de sucre de canne","https://assets.afcdn.com/recipe/20180814/81787_w512h384c1cx1932cy1288.jpg"
"55","96-grands-classiques","ti-punch","1 tranche de citron vert","https://assets.afcdn.com/recipe/20180814/81787_w512h384c1cx1932cy1288.jpg"
"56","96-grands-classiques","daiquiri","4 cl de rhum cubain (havana club, bacardi)","https://assets.afcdn.com/recipe/20180705/80342_w512h384c1cx2772cy1848.jpg"
"57","96-grands-classiques","daiquiri","2 cl de jus de citrons verts","https://assets.afcdn.com/recipe/20180705/80342_w512h384c1cx2772cy1848.jpg"
"58","96-grands-classiques","daiquiri","1 cl de sirop de sucre de canne","https://assets.afcdn.com/recipe/20180705/80342_w512h384c1cx2772cy1848.jpg"
"59","96-grands-classiques","cuba-libre","6 cl de rhum cubain (havana club, bacardi)","https://assets.afcdn.com/recipe/20180801/81646_w512h384c1cx2611cy1740.jpg"
"60","96-grands-classiques","cuba-libre","4 cl de jus de citrons verts","https://assets.afcdn.com/recipe/20180801/81646_w512h384c1cx2611cy1740.jpg"
"61","96-grands-classiques","cuba-libre","15 cl de cola (coca cola, pepsi)","https://assets.afcdn.com/recipe/20180801/81646_w512h384c1cx2611cy1740.jpg"
"62","96-grands-classiques","tequila-sunrise","6 cl de tequila","https://assets.afcdn.com/recipe/20180705/80277_w512h384c1cx1574cy2059.jpg"
"63","96-grands-classiques","tequila-sunrise","12 cl de jus d'oranges","https://assets.afcdn.com/recipe/20180705/80277_w512h384c1cx1574cy2059.jpg"
"64","96-grands-classiques","tequila-sunrise","2 cl de sirop de grenadine","https://assets.afcdn.com/recipe/20180705/80277_w512h384c1cx1574cy2059.jpg"
"65","96-grands-classiques","gin-fizz","6 cl de gin","https://assets.afcdn.com/recipe/20180801/81650_w512h384c1cx2061cy1395.jpg"
"66","96-grands-classiques","gin-fizz","4 cl de jus de citrons","https://assets.afcdn.com/recipe/20180801/81650_w512h384c1cx2061cy1395.jpg"
"67","96-grands-classiques","gin-fizz","2 cl de sirop de sucre de canne","https://assets.afcdn.com/recipe/20180801/81650_w512h384c1cx2061cy1395.jpg"
"68","96-grands-classiques","gin-fizz","12 cl d'eau gazeuse","https://assets.afcdn.com/recipe/20180801/81650_w512h384c1cx2061cy1395.jpg"
"69","96-grands-classiques","gin-tonic"," Tonic","https://assets.afcdn.com/recipe/20180801/81651_w512h384c1cx2061cy1395.jpg"
"70","96-grands-classiques","gin-tonic","3 cl de gin","https://assets.afcdn.com/recipe/20180801/81651_w512h384c1cx2061cy1395.jpg"
"71","96-grands-classiques","negroni","2 cl de campari","https://assets.afcdn.com/recipe/20180705/80339_w512h384c1cx1816cy2861.jpg"
"72","96-grands-classiques","negroni","2 cl de vermouth rouge (martini, cinzano)","https://assets.afcdn.com/recipe/20180705/80339_w512h384c1cx1816cy2861.jpg"
"73","96-grands-classiques","negroni","2 cl de gin","https://assets.afcdn.com/recipe/20180705/80339_w512h384c1cx1816cy2861.jpg"
"74","96-grands-classiques","mimosa","4 cl de champagne","https://assets.afcdn.com/recipe/20180705/80263_w512h384c1cx2484cy2647.jpg"
"75","96-grands-classiques","mimosa","8 cl de jus d'oranges","https://assets.afcdn.com/recipe/20180705/80263_w512h384c1cx2484cy2647.jpg"
"76","96-grands-classiques","mimosa","1 cuillère à café de triple sec (cointreau, grand marnier)","https://assets.afcdn.com/recipe/20180705/80263_w512h384c1cx2484cy2647.jpg"
"77","96-grands-classiques","russe-blanc","5 cl de vodka","https://assets.afcdn.com/recipe/20180816/81800_w512h384c1cx1456cy1412.jpg"
"78","96-grands-classiques","russe-blanc","2 cl de liqueur de café (kahlua, marie brizard)","https://assets.afcdn.com/recipe/20180816/81800_w512h384c1cx1456cy1412.jpg"
"79","96-grands-classiques","russe-blanc","3 cl de crème fraîche liquide","https://assets.afcdn.com/recipe/20180816/81800_w512h384c1cx1456cy1412.jpg"
"80","96-grands-classiques","pisco-sour","10 cl de pisco","https://assets.afcdn.com/recipe/20180903/82115_w512h384c1cx3000cy2000.jpg"
"81","96-grands-classiques","pisco-sour","3 cl de jus de citrons verts","https://assets.afcdn.com/recipe/20180903/82115_w512h384c1cx3000cy2000.jpg"
"82","96-grands-classiques","pisco-sour","1 cl de sirop de sucre de canne","https://assets.afcdn.com/recipe/20180903/82115_w512h384c1cx3000cy2000.jpg"
"83","96-grands-classiques","pisco-sour","1 blanc d'oeuf","https://assets.afcdn.com/recipe/20180903/82115_w512h384c1cx3000cy2000.jpg"
"84","96-grands-classiques","pisco-sour"," goutte d'angostura bitters","https://assets.afcdn.com/recipe/20180903/82115_w512h384c1cx3000cy2000.jpg"
"85","96-grands-classiques","white-russian","4 cl de vodka","https://assets.afcdn.com/recipe/20180801/81664_w512h384c1cx3976cy2652.jpg"
"86","96-grands-classiques","white-russian","4 cl de liqueur de café (kahlua, marie brizard)","https://assets.afcdn.com/recipe/20180801/81664_w512h384c1cx3976cy2652.jpg"
"87","96-grands-classiques","white-russian","2 cl de lait","https://assets.afcdn.com/recipe/20180801/81664_w512h384c1cx3976cy2652.jpg"
"88","96-grands-classiques","white-russian","2 cl de crème fraîche liquide","https://assets.afcdn.com/recipe/20180801/81664_w512h384c1cx3976cy2652.jpg"
"89","96-grands-classiques","black-russian","6 cl de vodka","https://assets.afcdn.com/recipe/20180903/82116_w512h384c1cx3324cy2216.jpg"
"90","96-grands-classiques","black-russian","3 cl de liqueur de café (kahlua, marie brizard)","https://assets.afcdn.com/recipe/20180903/82116_w512h384c1cx3324cy2216.jpg"
"91","96-grands-classiques","zizi-coincoin","8 cl de triple sec (cointreau, grand marnier)","https://assets.afcdn.com/recipe/20180903/82117_w512h384c1cx1064cy704.jpg"
"92","96-grands-classiques","zizi-coincoin","4 cl de jus de citrons","https://assets.afcdn.com/recipe/20180903/82117_w512h384c1cx1064cy704.jpg"
"93","96-grands-classiques","black-velvet","6 cl de bière stout (guinness)","https://assets.afcdn.com/recipe/20180903/82118_w512h384c1cx690cy1074.jpg"
"94","96-grands-classiques","black-velvet","6 cl de champagne","https://assets.afcdn.com/recipe/20180903/82118_w512h384c1cx690cy1074.jpg"
"95","96-grands-classiques","singapore-sling","4 cl de gin","https://assets.afcdn.com/recipe/20180903/82123_w512h384c1cx704cy1102.jpg"
"96","96-grands-classiques","singapore-sling","2 cl de liqueur de cerises (cherry brandy)","https://assets.afcdn.com/recipe/20180903/82123_w512h384c1cx704cy1102.jpg"
"97","96-grands-classiques","singapore-sling","1 cl de sirop de grenadine","https://assets.afcdn.com/recipe/20180903/82123_w512h384c1cx704cy1102.jpg"
"98","96-grands-classiques","singapore-sling","1/2 cl de triple sec (cointreau, grand marnier)","https://assets.afcdn.com/recipe/20180903/82123_w512h384c1cx704cy1102.jpg"
"99","96-grands-classiques","singapore-sling","3 cl de jus de citrons","https://assets.afcdn.com/recipe/20180903/82123_w512h384c1cx704cy1102.jpg"
"100","96-grands-classiques","singapore-sling","8 cl de jus d'ananas","https://assets.afcdn.com/recipe/20180903/82123_w512h384c1cx704cy1102.jpg"
"101","96-grands-classiques","singapore-sling","1/2 cl de bénédictine","https://assets.afcdn.com/recipe/20180903/82123_w512h384c1cx704cy1102.jpg"
"102","96-grands-classiques","singapore-sling","1 trait d'angostura bitters","https://assets.afcdn.com/recipe/20180903/82123_w512h384c1cx704cy1102.jpg"
"103","96-grands-classiques","amaretto-sour","6 cl d'amaretto","https://assets.afcdn.com/recipe/20180903/82119_w512h384c1cx1045cy1721.jpg"
"104","96-grands-classiques","amaretto-sour","2 cl de jus de citrons","https://assets.afcdn.com/recipe/20180903/82119_w512h384c1cx1045cy1721.jpg"
"105","96-grands-classiques","amaretto-sour","1 cl de sirop de sucre de canne","https://assets.afcdn.com/recipe/20180903/82119_w512h384c1cx1045cy1721.jpg"
"106","96-grands-classiques","hydromel","1.5 kg de sirop de miel","https://assets.afcdn.com/recipe/20180903/82122_w512h384c1cx1369cy636.jpg"
"107","96-grands-classiques","hydromel","5 l d'eau","https://assets.afcdn.com/recipe/20180903/82122_w512h384c1cx1369cy636.jpg"
"108","96-grands-classiques","hydromel","1/2 cl de levure","https://assets.afcdn.com/recipe/20180903/82122_w512h384c1cx1369cy636.jpg"
"109","96-grands-classiques","screwdriver-vodka-orange","4 cl de vodka","https://assets.afcdn.com/recipe/20180903/82121_w512h384c1cx1030cy930.jpg"
"110","96-grands-classiques","screwdriver-vodka-orange","12 cl de jus d'oranges","https://assets.afcdn.com/recipe/20180903/82121_w512h384c1cx1030cy930.jpg"
"111","96-grands-classiques","tom-collins","4 cl de gin","https://assets.afcdn.com/recipe/20180903/82120_w512h384c1cx1060cy707.jpg"
"112","96-grands-classiques","tom-collins","3 cl de jus de citrons","https://assets.afcdn.com/recipe/20180903/82120_w512h384c1cx1060cy707.jpg"
"113","96-grands-classiques","tom-collins","1/2 cl de sucre","https://assets.afcdn.com/recipe/20180903/82120_w512h384c1cx1060cy707.jpg"
"114","96-grands-classiques","tom-collins"," Eau gazeuse","https://assets.afcdn.com/recipe/20180903/82120_w512h384c1cx1060cy707.jpg"
"115","96-grands-classiques","mojito","6 cl de rhum cubain (havana club, bacardi)","https://assets.afcdn.com/recipe/20180705/80255_w512h384c1cx2774cy1849.jpg"
"116","96-grands-classiques","mojito","3 cl de jus de citrons verts","https://assets.afcdn.com/recipe/20180705/80255_w512h384c1cx2774cy1849.jpg"
"117","96-grands-classiques","mojito","7 feuilles de menthe","https://assets.afcdn.com/recipe/20180705/80255_w512h384c1cx2774cy1849.jpg"
"118","96-grands-classiques","mojito"," Eau gazeuse","https://assets.afcdn.com/recipe/20180705/80255_w512h384c1cx2774cy1849.jpg"
"119","96-grands-classiques","mojito","2 cl de sirop de sucre de canne","https://assets.afcdn.com/recipe/20180705/80255_w512h384c1cx2774cy1849.jpg"
"120","96-grands-classiques","pina-colada","4 cl de rhum blanc","https://assets.afcdn.com/recipe/20180705/80258_w512h384c1cx974cy1535.jpg"
"121","96-grands-classiques","pina-colada","2 cl de rhum ambré","https://assets.afcdn.com/recipe/20180705/80258_w512h384c1cx974cy1535.jpg"
"122","96-grands-classiques","pina-colada","12 cl de jus d'ananas","https://assets.afcdn.com/recipe/20180705/80258_w512h384c1cx974cy1535.jpg"
"123","96-grands-classiques","pina-colada","4 cl de lait de coco","https://assets.afcdn.com/recipe/20180705/80258_w512h384c1cx974cy1535.jpg"
"124","96-grands-classiques","punch","100 cl de rhum blanc","https://assets.afcdn.com/recipe/20180705/80349_w512h384c1cx2208cy2125.jpg"
"125","96-grands-classiques","punch","50 cl de sirop de sucre de canne","https://assets.afcdn.com/recipe/20180705/80349_w512h384c1cx2208cy2125.jpg"
"126","96-grands-classiques","punch","100 cl de jus d'oranges","https://assets.afcdn.com/recipe/20180705/80349_w512h384c1cx2208cy2125.jpg"
"127","96-grands-classiques","punch","100 cl de jus d'ananas","https://assets.afcdn.com/recipe/20180705/80349_w512h384c1cx2208cy2125.jpg"
"128","96-grands-classiques","punch","100 cl de jus de pamplemousses","https://assets.afcdn.com/recipe/20180705/80349_w512h384c1cx2208cy2125.jpg"
"129","96-grands-classiques","punch","1 cannelle","https://assets.afcdn.com/recipe/20180705/80349_w512h384c1cx2208cy2125.jpg"
"130","96-grands-classiques","punch","3 sachets de thé","https://assets.afcdn.com/recipe/20180705/80349_w512h384c1cx2208cy2125.jpg"
"131","cocktails-au-rhum","chiwawa"," Sucre","https://assets.afcdn.com/recipe/20180827/81962_w512h384c1cx1300cy1616.jpg"
"132","cocktails-au-rhum","chiwawa"," Rhum blanc","https://assets.afcdn.com/recipe/20180827/81962_w512h384c1cx1300cy1616.jpg"
"133","96-grands-classiques","ti-punch","6 cl de rhum blanc","https://assets.afcdn.com/recipe/20180814/81787_w512h384c1cx1932cy1288.jpg"
"134","96-grands-classiques","ti-punch","2 cl de sirop de sucre de canne","https://assets.afcdn.com/recipe/20180814/81787_w512h384c1cx1932cy1288.jpg"
"135","96-grands-classiques","ti-punch","1 tranche de citron vert","https://assets.afcdn.com/recipe/20180814/81787_w512h384c1cx1932cy1288.jpg"
"136","96-grands-classiques","daiquiri","4 cl de rhum cubain (havana club, bacardi)","https://assets.afcdn.com/recipe/20180705/80342_w512h384c1cx2772cy1848.jpg"
"137","96-grands-classiques","daiquiri","2 cl de jus de citrons verts","https://assets.afcdn.com/recipe/20180705/80342_w512h384c1cx2772cy1848.jpg"
"138","96-grands-classiques","daiquiri","1 cl de sirop de sucre de canne","https://assets.afcdn.com/recipe/20180705/80342_w512h384c1cx2772cy1848.jpg"
"139","96-grands-classiques","cuba-libre","6 cl de rhum cubain (havana club, bacardi)","https://assets.afcdn.com/recipe/20180801/81646_w512h384c1cx2611cy1740.jpg"
"140","96-grands-classiques","cuba-libre","4 cl de jus de citrons verts","https://assets.afcdn.com/recipe/20180801/81646_w512h384c1cx2611cy1740.jpg"
"141","96-grands-classiques","cuba-libre","15 cl de cola (coca cola, pepsi)","https://assets.afcdn.com/recipe/20180801/81646_w512h384c1cx2611cy1740.jpg"
"142","cocktails-au-rhum","marquisette"," bouteille de limonade (soda, sprite, 7up)","https://assets.afcdn.com/recipe/20180705/80340_w512h384c1cx2808cy1872.jpg"
"143","cocktails-au-rhum","marquisette"," bouteille de vin mousseux","https://assets.afcdn.com/recipe/20180705/80340_w512h384c1cx2808cy1872.jpg"
"144","cocktails-au-rhum","marquisette","33 cl de sirop d'orange sanguine","https://assets.afcdn.com/recipe/20180705/80340_w512h384c1cx2808cy1872.jpg"
"145","cocktails-au-rhum","marquisette","1 cl de sucre","https://assets.afcdn.com/recipe/20180705/80340_w512h384c1cx2808cy1872.jpg"
"146","cocktails-au-rhum","marquisette","10 cl de liqueur mandarine napoléon","https://assets.afcdn.com/recipe/20180705/80340_w512h384c1cx2808cy1872.jpg"
"147","cocktails-au-rhum","marquisette","1/4 bouteille de rhum blanc","https://assets.afcdn.com/recipe/20180705/80340_w512h384c1cx2808cy1872.jpg"
"148","cocktails-au-rhum","marquisette","2 bouteilles de vin blanc","https://assets.afcdn.com/recipe/20180705/80340_w512h384c1cx2808cy1872.jpg"
"149","cocktails-au-rhum","marquisette","4 oranges","https://assets.afcdn.com/recipe/20180705/80340_w512h384c1cx2808cy1872.jpg"
"150","cocktails-au-rhum","marquisette","4 citrons","https://assets.afcdn.com/recipe/20180705/80340_w512h384c1cx2808cy1872.jpg"
"151","cocktails-au-rhum","punch-exotique","4 l de jus d'oranges","https://assets.afcdn.com/recipe/20180705/80348_w512h384c1cx1491cy2383.jpg"
"152","cocktails-au-rhum","punch-exotique","1 verre de sirop de sucre de canne","https://assets.afcdn.com/recipe/20180705/80348_w512h384c1cx1491cy2383.jpg"
"153","cocktails-au-rhum","punch-exotique","100 cl de rhum blanc","https://assets.afcdn.com/recipe/20180705/80348_w512h384c1cx1491cy2383.jpg"
"154","cocktails-au-rhum","punch-exotique","100 cl de jus de pamplemousses","https://assets.afcdn.com/recipe/20180705/80348_w512h384c1cx1491cy2383.jpg"
"155","cocktails-au-rhum","punch-exotique","100 cl de jus de fruits exotiques","https://assets.afcdn.com/recipe/20180705/80348_w512h384c1cx1491cy2383.jpg"
"156","cocktails-au-rhum","punch-exotique","2 gousses de vanille","https://assets.afcdn.com/recipe/20180705/80348_w512h384c1cx1491cy2383.jpg"
"157","cocktails-au-rhum","punch-exotique","40 cl de rhum ambré","https://assets.afcdn.com/recipe/20180705/80348_w512h384c1cx1491cy2383.jpg"
"158","cocktails-au-rhum","mai-tai","3 cl de rhum blanc","https://assets.afcdn.com/recipe/20180827/81969_w512h384c1cx750cy1000.jpg"
"159","cocktails-au-rhum","mai-tai","3 cl de rhum ambré","https://assets.afcdn.com/recipe/20180827/81969_w512h384c1cx750cy1000.jpg"
"160","cocktails-au-rhum","mai-tai","2 cl de triple sec (cointreau, grand marnier)","https://assets.afcdn.com/recipe/20180827/81969_w512h384c1cx750cy1000.jpg"
"161","cocktails-au-rhum","mai-tai","1 cl de sirop de sucre de canne","https://assets.afcdn.com/recipe/20180827/81969_w512h384c1cx750cy1000.jpg"
"162","cocktails-au-rhum","mai-tai","3 cl de jus de citrons verts","https://assets.afcdn.com/recipe/20180827/81969_w512h384c1cx750cy1000.jpg"
"163","cocktails-au-rhum","mai-tai","1 cl de sirop d'orgeat","https://assets.afcdn.com/recipe/20180827/81969_w512h384c1cx750cy1000.jpg"
"164","cocktails-au-rhum","planteur","6 cl de rhum brun","https://assets.afcdn.com/recipe/20180828/81990_w512h384c1cx1060cy707.jpg"
"165","cocktails-au-rhum","planteur","2 cl de jus de goyaves","https://assets.afcdn.com/recipe/20180828/81990_w512h384c1cx1060cy707.jpg"
"166","cocktails-au-rhum","planteur","2 cl de jus d'ananas","https://assets.afcdn.com/recipe/20180828/81990_w512h384c1cx1060cy707.jpg"
"167","cocktails-au-rhum","planteur","2 cl de jus d'oranges","https://assets.afcdn.com/recipe/20180828/81990_w512h384c1cx1060cy707.jpg"
"168","cocktails-au-rhum","planteur","1 cl de sirop de grenadine","https://assets.afcdn.com/recipe/20180828/81990_w512h384c1cx1060cy707.jpg"
"169","cocktails-au-rhum","punch-planteur","2 pincées de noix de muscade râpée","https://assets.afcdn.com/recipe/20180828/81991_w512h384c1cx750cy1000.jpg"
"170","cocktails-au-rhum","punch-planteur","10 cl de sirop de sucre de canne","https://assets.afcdn.com/recipe/20180828/81991_w512h384c1cx750cy1000.jpg"
"171","cocktails-au-rhum","punch-planteur","1 l de jus d'ananas","https://assets.afcdn.com/recipe/20180828/81991_w512h384c1cx750cy1000.jpg"
"172","cocktails-au-rhum","punch-planteur","1 l de jus d'oranges","https://assets.afcdn.com/recipe/20180828/81991_w512h384c1cx750cy1000.jpg"
"173","cocktails-au-rhum","punch-planteur","1 l de jus de goyaves","https://assets.afcdn.com/recipe/20180828/81991_w512h384c1cx750cy1000.jpg"
"174","cocktails-au-rhum","punch-planteur","1 l de rhum blanc","https://assets.afcdn.com/recipe/20180828/81991_w512h384c1cx750cy1000.jpg"
"175","cocktails-au-rhum","punch-planteur","2 pincées de cannelle en poudre","https://assets.afcdn.com/recipe/20180828/81991_w512h384c1cx750cy1000.jpg"
"176","cocktails-au-rhum","punch-planteur","1 citron vert","https://assets.afcdn.com/recipe/20180828/81991_w512h384c1cx750cy1000.jpg"
"177","cocktails-au-rhum","punch-planteur","2 vanille","https://assets.afcdn.com/recipe/20180828/81991_w512h384c1cx750cy1000.jpg"
"178","cocktails-au-rhum","grog","4 cl de rhum blanc","https://assets.afcdn.com/recipe/20180828/81984_w512h384c1cx1430cy675.jpg"
"179","cocktails-au-rhum","grog","1 morceau de sucre","https://assets.afcdn.com/recipe/20180828/81984_w512h384c1cx1430cy675.jpg"
"180","cocktails-au-rhum","grog","1 vanille","https://assets.afcdn.com/recipe/20180828/81984_w512h384c1cx1430cy675.jpg"
"181","cocktails-au-rhum","grog","2 cl de jus de citrons","https://assets.afcdn.com/recipe/20180828/81984_w512h384c1cx1430cy675.jpg"
"182","cocktails-au-rhum","grog","1 cannelle","https://assets.afcdn.com/recipe/20180828/81984_w512h384c1cx1430cy675.jpg"
"183","cocktails-au-rhum","morito","6 cl de rhum cubain (havana club, bacardi)","https://assets.afcdn.com/recipe/20180828/81985_w512h384c1cx1025cy1531.jpg"
"184","cocktails-au-rhum","morito","1/2 citron vert","https://assets.afcdn.com/recipe/20180828/81985_w512h384c1cx1025cy1531.jpg"
"185","cocktails-au-rhum","morito","1 cl de sirop de sucre de canne","https://assets.afcdn.com/recipe/20180828/81985_w512h384c1cx1025cy1531.jpg"
"186","cocktails-au-rhum","morito","4 feuilles de menthe","https://assets.afcdn.com/recipe/20180828/81985_w512h384c1cx1025cy1531.jpg"
"187","cocktails-au-rhum","morito"," Limonade (soda, sprite, 7up)","https://assets.afcdn.com/recipe/20180828/81985_w512h384c1cx1025cy1531.jpg"
"188","cocktails-au-rhum","mojito-fraise","6 cl de rhum cubain (havana club, bacardi)","https://assets.afcdn.com/recipe/20180827/81971_w512h384c1cx740cy1238.jpg"
"189","cocktails-au-rhum","mojito-fraise","8 feuilles de menthe","https://assets.afcdn.com/recipe/20180827/81971_w512h384c1cx740cy1238.jpg"
"190","cocktails-au-rhum","mojito-fraise","1/2 citron vert","https://assets.afcdn.com/recipe/20180827/81971_w512h384c1cx740cy1238.jpg"
"191","cocktails-au-rhum","mojito-fraise","2 fraises","https://assets.afcdn.com/recipe/20180827/81971_w512h384c1cx740cy1238.jpg"
"192","cocktails-au-rhum","mojito-fraise","6 cl de jus de fraises","https://assets.afcdn.com/recipe/20180827/81971_w512h384c1cx740cy1238.jpg"
"193","cocktails-au-rhum","mojito-fraise","2 cl de sirop de sucre de canne","https://assets.afcdn.com/recipe/20180827/81971_w512h384c1cx740cy1238.jpg"
"194","cocktails-au-rhum","planteur-martiniquais","5 l de jus de goyaves","https://assets.afcdn.com/recipe/20181127/84316_w512h384c1cx1322cy2100.jpg"
"195","cocktails-au-rhum","planteur-martiniquais","5 l de fruit de la passion (maracuja)","https://assets.afcdn.com/recipe/20181127/84316_w512h384c1cx1322cy2100.jpg"
"196","cocktails-au-rhum","planteur-martiniquais","3 l de jus d'oranges","https://assets.afcdn.com/recipe/20181127/84316_w512h384c1cx1322cy2100.jpg"
"197","cocktails-au-rhum","planteur-martiniquais","3 l de cocktails de fruits","https://assets.afcdn.com/recipe/20181127/84316_w512h384c1cx1322cy2100.jpg"
"198","cocktails-au-rhum","planteur-martiniquais","3 l de jus d'ananas","https://assets.afcdn.com/recipe/20181127/84316_w512h384c1cx1322cy2100.jpg"
"199","cocktails-au-rhum","planteur-martiniquais","100 cl de sirop de sucre de canne","https://assets.afcdn.com/recipe/20181127/84316_w512h384c1cx1322cy2100.jpg"
"200","cocktails-au-rhum","planteur-martiniquais","4 l de rhum blanc","https://assets.afcdn.com/recipe/20181127/84316_w512h384c1cx1322cy2100.jpg"
"201","cocktails-au-rhum","planteur-martiniquais"," Essence de vanille, d'amande amère et de la muscade","https://assets.afcdn.com/recipe/20181127/84316_w512h384c1cx1322cy2100.jpg"
"202","cocktails-au-rhum","havana-club","6 cl de rhum blanc","https://assets.afcdn.com/recipe/20180903/82128_w512h384c1cx352cy513.jpg"
"203","cocktails-au-rhum","havana-club","1 cl de vermouth blanc (martini, cinzano)","https://assets.afcdn.com/recipe/20180903/82128_w512h384c1cx352cy513.jpg"
"204","cocktails-au-rhum","eggnog","20 cl de brandy","https://assets.afcdn.com/recipe/20180903/82125_w512h384c1cx769cy600.jpg"
"205","cocktails-au-rhum","eggnog","1 l de lait","https://assets.afcdn.com/recipe/20180903/82125_w512h384c1cx769cy600.jpg"
"206","cocktails-au-rhum","eggnog","45 cl de rhum ambré","https://assets.afcdn.com/recipe/20180903/82125_w512h384c1cx769cy600.jpg"
"207","cocktails-au-rhum","eggnog","10 oeufs","https://assets.afcdn.com/recipe/20180903/82125_w512h384c1cx769cy600.jpg"
"208","cocktails-au-rhum","eggnog","250 g de sucre","https://assets.afcdn.com/recipe/20180903/82125_w512h384c1cx769cy600.jpg"
"209","cocktails-au-rhum","eggnog","50 cl de crème fraîche liquide","https://assets.afcdn.com/recipe/20180903/82125_w512h384c1cx769cy600.jpg"
"210","cocktails-au-rhum","rhum-punch","50 cl de ginger ale (canada dry)","https://assets.afcdn.com/recipe/20190703/94627_w30h30c1cx1700cy1700.jpg"
"211","cocktails-au-rhum","rhum-punch","3 citrons","https://assets.afcdn.com/recipe/20190703/94627_w30h30c1cx1700cy1700.jpg"
"212","cocktails-au-rhum","rhum-punch","3 oranges","https://assets.afcdn.com/recipe/20190703/94627_w30h30c1cx1700cy1700.jpg"
"213","cocktails-au-rhum","rhum-punch","50 cl de jus d'ananas","https://assets.afcdn.com/recipe/20190703/94627_w30h30c1cx1700cy1700.jpg"
"214","cocktails-au-rhum","rhum-punch","1/2 bouteille de rhum ambré","https://assets.afcdn.com/recipe/20190703/94627_w30h30c1cx1700cy1700.jpg"
"215","cocktails-au-rhum","rhum-punch","250 g de sucre","https://assets.afcdn.com/recipe/20190703/94627_w30h30c1cx1700cy1700.jpg"
"216","cocktails-au-rhum","rhum-banane-vanille","75 cl de rhum blanc",NA
"217","cocktails-au-rhum","rhum-banane-vanille","4 bananes",NA
"218","cocktails-au-rhum","rhum-banane-vanille","5 vanille",NA
"219","cocktails-au-rhum","royal-mojito","6 cl de rhum cubain (havana club, bacardi)","https://assets.afcdn.com/recipe/20180705/80345_w512h384c1cx4150cy1741.jpg"
"220","cocktails-au-rhum","royal-mojito","1/2 citron vert","https://assets.afcdn.com/recipe/20180705/80345_w512h384c1cx4150cy1741.jpg"
"221","cocktails-au-rhum","royal-mojito","2 cl de sirop de sucre de canne","https://assets.afcdn.com/recipe/20180705/80345_w512h384c1cx4150cy1741.jpg"
"222","cocktails-au-rhum","royal-mojito","4 feuilles de menthe","https://assets.afcdn.com/recipe/20180705/80345_w512h384c1cx4150cy1741.jpg"
"223","cocktails-au-rhum","royal-mojito"," Champagne","https://assets.afcdn.com/recipe/20180705/80345_w512h384c1cx4150cy1741.jpg"
"224","cocktails-au-rhum","ponche-caribenu","7 cl de jus d'oranges","https://assets.afcdn.com/recipe/20190225/88321_w512h384c1cx258cy112.jpg"
"225","cocktails-au-rhum","ponche-caribenu","3 cl de rhum blanc","https://assets.afcdn.com/recipe/20190225/88321_w512h384c1cx258cy112.jpg"
"226","cocktails-au-rhum","ponche-caribenu","1 cl de jus de citrons","https://assets.afcdn.com/recipe/20190225/88321_w512h384c1cx258cy112.jpg"
"227","cocktails-au-rhum","zombie","3 cl de rhum ambré","https://assets.afcdn.com/recipe/20180801/81652_w512h384c1cx3279cy2186.jpg"
"228","cocktails-au-rhum","zombie","3 cl de rhum blanc","https://assets.afcdn.com/recipe/20180801/81652_w512h384c1cx3279cy2186.jpg"
"229","cocktails-au-rhum","zombie","1.5 cl de liqueur d'abricots (abricot brandy)","https://assets.afcdn.com/recipe/20180801/81652_w512h384c1cx3279cy2186.jpg"
"230","cocktails-au-rhum","zombie","2 cl de jus de citrons verts","https://assets.afcdn.com/recipe/20180801/81652_w512h384c1cx3279cy2186.jpg"
"231","cocktails-au-rhum","zombie","1/2 cl de sirop de grenadine","https://assets.afcdn.com/recipe/20180801/81652_w512h384c1cx3279cy2186.jpg"
"232","cocktails-au-rhum","zombie","6 cl de jus d'ananas","https://assets.afcdn.com/recipe/20180801/81652_w512h384c1cx3279cy2186.jpg"
"233","cocktails-au-rhum","zombie","1.5 cl de sirop de sucre de canne","https://assets.afcdn.com/recipe/20180801/81652_w512h384c1cx3279cy2186.jpg"
"234","cocktails-au-rhum","rhum-vanille","5 cuillères à café de sucre roux (cassonade)","https://assets.afcdn.com/recipe/20181221/85008_w512h384c1cx1435cy2185.jpg"
"235","cocktails-au-rhum","rhum-vanille","5 gousses de vanille","https://assets.afcdn.com/recipe/20181221/85008_w512h384c1cx1435cy2185.jpg"
"236","cocktails-au-rhum","rhum-vanille","1 l de rhum blanc","https://assets.afcdn.com/recipe/20181221/85008_w512h384c1cx1435cy2185.jpg"
"237","cocktails-au-rhum","daiquiri-aux-fraises","2 cl de liqueur de fraises","https://assets.afcdn.com/recipe/20180903/82126_w512h384c1cx1061cy706.jpg"
"238","cocktails-au-rhum","daiquiri-aux-fraises","5 cl de rhum blanc","https://assets.afcdn.com/recipe/20180903/82126_w512h384c1cx1061cy706.jpg"
"239","cocktails-au-rhum","daiquiri-aux-fraises","3 cl de jus de citrons","https://assets.afcdn.com/recipe/20180903/82126_w512h384c1cx1061cy706.jpg"
"240","cocktails-au-rhum","daiquiri-aux-fraises","1/2 cl de sucre","https://assets.afcdn.com/recipe/20180903/82126_w512h384c1cx1061cy706.jpg"
"241","cocktails-au-rhum","daiquiri-aux-fraises","1/2 tasse de fraises","https://assets.afcdn.com/recipe/20180903/82126_w512h384c1cx1061cy706.jpg"
"242","cocktails-au-rhum","planteur-antillais","1.5 cl de sirop de grenadine",NA
"243","cocktails-au-rhum","planteur-antillais","4 cl de rhum blanc",NA
"244","cocktails-au-rhum","planteur-antillais","2 traits d'angostura bitters",NA
"245","cocktails-au-rhum","planteur-antillais","10 cl de jus d'oranges",NA
"246","cocktails-au-rhum","coco-loco","2 cl de rhum blanc","https://assets.afcdn.com/recipe/20181130/84455_w30h30c1cx150cy150.jpg"
"247","cocktails-au-rhum","coco-loco","4 cl de lait de coco","https://assets.afcdn.com/recipe/20181130/84455_w30h30c1cx150cy150.jpg"
"248","cocktails-au-rhum","coco-loco","2 cuillères à café de sucre","https://assets.afcdn.com/recipe/20181130/84455_w30h30c1cx150cy150.jpg"
"249","cocktails-au-rhum","coco-loco","6 cl de lait","https://assets.afcdn.com/recipe/20181130/84455_w30h30c1cx150cy150.jpg"
"250","cocktails-au-rhum","shrubb","30 cl de sirop de sucre de canne",NA
"251","cocktails-au-rhum","shrubb","2 oranges",NA
"252","cocktails-au-rhum","shrubb","5 mandarines",NA
"253","cocktails-au-rhum","shrubb","1 l de rhum blanc",NA
"254","cocktails-au-rhum","shrubb","1 vanille",NA
"255","cocktails-au-rhum","shrubb","1 cannelle",NA
"256","cocktails-au-rhum","shrubb","1 pincée de noix de muscade râpée",NA
"257","cocktails-au-rhum","rhum-coco","75 cl de rhum blanc",NA
"258","cocktails-au-rhum","rhum-coco","1 noix de coco",NA
"259","cocktails-au-rhum","rhum-coco","1 vanille",NA
"260","cocktails-au-rhum","rhum-coco"," Sucre",NA
"261","cocktails-au-rhum","rhum-gingembre","5 cuillères à café de sucre roux (cassonade)","https://assets.afcdn.com/recipe/20181221/85006_w512h384c1cx1700cy2783.jpg"
"262","cocktails-au-rhum","rhum-gingembre","100 cl de rhum blanc","https://assets.afcdn.com/recipe/20181221/85006_w512h384c1cx1700cy2783.jpg"
"263","cocktails-au-rhum","rhum-gingembre","200 g de gingembre","https://assets.afcdn.com/recipe/20181221/85006_w512h384c1cx1700cy2783.jpg"
"264","cocktails-sans-alcool","shirley-temple","2 cl de sirop de grenadine","https://assets.afcdn.com/recipe/20180828/81988_w512h384c1cx1241cy1854.jpg"
"265","cocktails-sans-alcool","shirley-temple","6 cl de ginger ale (canada dry)","https://assets.afcdn.com/recipe/20180828/81988_w512h384c1cx1241cy1854.jpg"
"266","cocktails-sans-alcool","shirley-temple","6 cl de limonade (soda, sprite, 7up)","https://assets.afcdn.com/recipe/20180828/81988_w512h384c1cx1241cy1854.jpg"
"267","cocktails-sans-alcool","lisa-simpson","6 cl d'eau gazeuse","https://assets.afcdn.com/recipe/20181203/84503_w512h384c1cx1815cy1773.jpg"
"268","cocktails-sans-alcool","lisa-simpson","2 cl de sirop de grenadine","https://assets.afcdn.com/recipe/20181203/84503_w512h384c1cx1815cy1773.jpg"
"269","cocktails-sans-alcool","lisa-simpson","6 cl de cola (coca cola, pepsi)","https://assets.afcdn.com/recipe/20181203/84503_w512h384c1cx1815cy1773.jpg"
"270","cocktails-sans-alcool","ace","1 orange","https://assets.afcdn.com/recipe/20181220/84954_w512h384c1cx2084cy1553.jpg"
"271","cocktails-sans-alcool","ace","1/2 citron","https://assets.afcdn.com/recipe/20181220/84954_w512h384c1cx2084cy1553.jpg"
"272","cocktails-sans-alcool","ace","2 carottes","https://assets.afcdn.com/recipe/20181220/84954_w512h384c1cx2084cy1553.jpg"
"273","cocktails-sans-alcool","punch-sans-alcool","2 cl de sirop caribbean (saveur rhum)",NA
"274","cocktails-sans-alcool","punch-sans-alcool","3 cl de jus de goyaves",NA
"275","cocktails-sans-alcool","punch-sans-alcool","3 cl de jus d'oranges",NA
"276","cocktails-sans-alcool","punch-sans-alcool","3 cl de jus d'ananas",NA
"277","cocktails-sans-alcool","punch-sans-alcool","1 cl de sirop d'épices (spicy)",NA
"278","cocktails-sans-alcool","pina-colada-sans-alcool","3 cl de sirop caribbean (saveur rhum)","https://assets.afcdn.com/recipe/20180907/82159_w512h384c1cx512cy341.jpg"
"279","cocktails-sans-alcool","pina-colada-sans-alcool","10 cl de jus d'ananas","https://assets.afcdn.com/recipe/20180907/82159_w512h384c1cx512cy341.jpg"
"280","cocktails-sans-alcool","pina-colada-sans-alcool","5 cl de lait de coco","https://assets.afcdn.com/recipe/20180907/82159_w512h384c1cx512cy341.jpg"
"281","cocktails-sans-alcool","incorruptible","10 cl de limonade (soda, sprite, 7up)",NA
"282","cocktails-sans-alcool","incorruptible","2 cl de jus d'oranges",NA
"283","cocktails-sans-alcool","incorruptible","4 cl de jus de pamplemousses",NA
"284","cocktails-sans-alcool","fleur-d-amour","4 cl de jus d'ananas",NA
"285","cocktails-sans-alcool","fleur-d-amour","7 cl de jus de mangues",NA
"286","cocktails-sans-alcool","fleur-d-amour","7 cl de jus de bananes",NA
"287","cocktails-sans-alcool","indien","2 cl de sirop de grenadine","https://assets.afcdn.com/recipe/20180709/80473_w30h30c1cx150cy150.jpg"
"288","cocktails-sans-alcool","indien","20 cl de soda à l'orange (orangina)","https://assets.afcdn.com/recipe/20180709/80473_w30h30c1cx150cy150.jpg"
"289","cocktails-sans-alcool","fruits-cup","12 cl de jus d'oranges",NA
"290","cocktails-sans-alcool","fruits-cup","6 cl de jus de citrons",NA
"291","cocktails-sans-alcool","fruits-cup","6 cl de jus d'ananas",NA
"292","cocktails-sans-alcool","fruits-cup","1 cl de sirop de grenadine",NA
"293","cocktails-sans-alcool","sangria-sans-alcool","8 cl de sirop de sangria",NA
"294","cocktails-sans-alcool","sangria-sans-alcool","100 cl de jus de raisins",NA
"295","cocktails-sans-alcool","sangria-sans-alcool","20 cl de jus d'oranges",NA
"296","cocktails-sans-alcool","sangria-sans-alcool","10 cl de jus de citrons",NA
"297","cocktails-sans-alcool","fruit-punch","8 cl de jus d'oranges",NA
"298","cocktails-sans-alcool","fruit-punch","6 cl de jus de citrons",NA
"299","cocktails-sans-alcool","fruit-punch","6 cl de jus d'ananas",NA
"300","cocktails-sans-alcool","fruit-punch","1 cl de sirop de grenadine",NA
"301","cocktails-sans-alcool","roy-rogers","2 cl de sirop de grenadine","https://assets.afcdn.com/recipe/20180709/80473_w30h30c1cx150cy150.jpg"
"302","cocktails-sans-alcool","roy-rogers","20 cl de cola (coca cola, pepsi)","https://assets.afcdn.com/recipe/20180709/80473_w30h30c1cx150cy150.jpg"
"303","cocktails-sans-alcool","diabolo-fraise","3 cl de sirop de fraises","https://assets.afcdn.com/recipe/20180709/80473_w30h30c1cx150cy150.jpg"
"304","cocktails-sans-alcool","diabolo-fraise","15 cl de limonade (soda, sprite, 7up)","https://assets.afcdn.com/recipe/20180709/80473_w30h30c1cx150cy150.jpg"
"305","cocktails-sans-alcool","bora-bora","10 cl de jus d'ananas",NA
"306","cocktails-sans-alcool","bora-bora","6 cl de jus de fruit de la passion (maracuja)",NA
"307","cocktails-sans-alcool","bora-bora","2 cl de sirop de grenadine",NA
"308","cocktails-sans-alcool","bora-bora","1 cl de jus de citrons",NA
"309","cocktails-sans-alcool","diabolo","15 cl de limonade (soda, sprite, 7up)","https://assets.afcdn.com/recipe/20180709/80473_w30h30c1cx150cy150.jpg"
"310","cocktails-sans-alcool","diabolo","3 cl de sirop de fruit de la passion (maracuja)","https://assets.afcdn.com/recipe/20180709/80473_w30h30c1cx150cy150.jpg"
"311","cocktails-sans-alcool","chantaco","1/4 jus d'oranges",NA
"312","cocktails-sans-alcool","chantaco","1/4 jus de citrons",NA
"313","cocktails-sans-alcool","chantaco","1/4 jus de pamplemousses",NA
"314","cocktails-sans-alcool","chantaco","1/4 sirop de fraises",NA
"315","cocktails-sans-alcool","frozen-mojito-limonade","1.5 cl de limonade mix",NA
"316","cocktails-sans-alcool","frozen-mojito-limonade","1.5 cl de sirop de mojito",NA
"317","cocktails-sans-alcool","frozen-mojito-limonade","10 cl de jus d'oranges",NA
"318","cocktails-sans-alcool","frozen-mojito-limonade","3 feuilles de menthe",NA
"319","cocktails-sans-alcool","diabolo-grenadine","15 cl de limonade (soda, sprite, 7up)","https://assets.afcdn.com/recipe/20180709/80473_w30h30c1cx150cy150.jpg"
"320","cocktails-sans-alcool","diabolo-grenadine","3 cl de sirop de grenadine","https://assets.afcdn.com/recipe/20180709/80473_w30h30c1cx150cy150.jpg"
"321","cocktails-sans-alcool","mojito-sans-alcool","2 jus sirop de mojito",NA
"322","cocktails-sans-alcool","mojito-sans-alcool","2 cl de sirop caribbean (saveur rhum)",NA
"323","cocktails-sans-alcool","mojito-sans-alcool","1 cl de sirop de citron vert",NA
"324","cocktails-sans-alcool","mojito-sans-alcool"," Eau gazeuse",NA
"325","cocktails-sans-alcool","florida","3 cl de sirop de grenadine",NA
"326","cocktails-sans-alcool","florida","1 citron",NA
"327","cocktails-sans-alcool","florida","7 cl de jus d'oranges",NA
"328","cocktails-sans-alcool","vin-chaud-sans-alcool","8 cl de jus de raisins","https://assets.afcdn.com/recipe/20181122/84147_w512h384c1cx3360cy2240.jpg"
"329","cocktails-sans-alcool","vin-chaud-sans-alcool","1 cl de sirop de cardamome","https://assets.afcdn.com/recipe/20181122/84147_w512h384c1cx3360cy2240.jpg"
"330","cocktails-sans-alcool","vin-chaud-sans-alcool","1 cl de sirop de cannelle","https://assets.afcdn.com/recipe/20181122/84147_w512h384c1cx3360cy2240.jpg"
"331","cocktails-sans-alcool","vin-chaud-sans-alcool","2 cl de jus de citrons","https://assets.afcdn.com/recipe/20181122/84147_w512h384c1cx3360cy2240.jpg"
"332","cocktails-sans-alcool","vin-chaud-sans-alcool","1 cl d'angostura bitters","https://assets.afcdn.com/recipe/20181122/84147_w512h384c1cx3360cy2240.jpg"
"333","cocktails-sans-alcool","pussy-foot","5 cl de jus d'oranges",NA
"334","cocktails-sans-alcool","pussy-foot","5 cl de jus de citrons",NA
"335","cocktails-sans-alcool","pussy-foot","5 cl de jus de citrons verts",NA
"336","cocktails-sans-alcool","pussy-foot","1 jaune d'oeuf",NA
"337","cocktails-sans-alcool","pussy-foot","1/2 cl de sirop de grenadine",NA
"338","cocktails-sans-alcool","morango-doce","2 l de limonade (soda, sprite, 7up)",NA
"339","cocktails-sans-alcool","morango-doce","50 cl de jus d'oranges",NA
"340","cocktails-sans-alcool","morango-doce","5 cl de sirop de fraises",NA
"341","cocktails-sans-alcool","morango-doce","500 g de fraises",NA
"342","cocktails-sans-alcool","diabolo-menthe","3 cl de sirop de menthe","https://assets.afcdn.com/recipe/20180709/80473_w30h30c1cx150cy150.jpg"
"343","cocktails-sans-alcool","diabolo-menthe","15 cl de limonade (soda, sprite, 7up)","https://assets.afcdn.com/recipe/20180709/80473_w30h30c1cx150cy150.jpg"
"344","cocktails-sans-alcool","grenadine","5 cl de jus d'oranges",NA
"345","cocktails-sans-alcool","grenadine","3 cl de sirop de grenadine",NA
"346","cocktails-sans-alcool","grenadine","5 cl de jus d'ananas",NA
"347","cocktails-sans-alcool","virgin-mary","15 cl de jus de tomates",NA
"348","cocktails-sans-alcool","virgin-mary","1 cl de tabasco",NA
"349","cocktails-sans-alcool","virgin-mary","1 cl de jus de citrons",NA
"350","cocktails-sans-alcool","virgin-mary","1 cl de sauce worcestershire",NA
"351","cocktails-sans-alcool","virgin-mary"," Sel de céleri",NA
"352","cocktails-sans-alcool","virgin-mary"," Poivre",NA
"353","cocktails-sans-alcool","adam-s-rib","8 cl de jus de pommes",NA
"354","cocktails-sans-alcool","adam-s-rib","8 cl de lait",NA
"355","cocktails-sans-alcool","adam-s-rib"," Fraises",NA
"356","cocktails-sans-alcool","margarita-sans-alcool","1 cl de sirop saveur tequila",NA
"357","cocktails-sans-alcool","margarita-sans-alcool","2 cl de sirop de curaçao bleu",NA
"358","cocktails-sans-alcool","margarita-sans-alcool","7 cl de jus de citrons verts",NA
"359","cocktails-sans-alcool","bella-luna","10 cl de jus d'oranges",NA
"360","cocktails-sans-alcool","bella-luna","6 cl de jus d'ananas",NA
"361","cocktails-sans-alcool","bella-luna","2 cl de jus de citrons verts",NA
"362","cocktails-sans-alcool","tropical-spritzer"," Limonade (soda, sprite, 7up)",NA
"363","cocktails-sans-alcool","tropical-spritzer","9 cl de nectar de pêches",NA
"364","cocktails-sans-alcool","tropical-spritzer","9 cl de jus de mangues",NA
"365","96-grands-classiques","punch","100 cl de rhum blanc","https://assets.afcdn.com/recipe/20180705/80349_w512h384c1cx2208cy2125.jpg"
"366","96-grands-classiques","punch","50 cl de sirop de sucre de canne","https://assets.afcdn.com/recipe/20180705/80349_w512h384c1cx2208cy2125.jpg"
"367","96-grands-classiques","punch","100 cl de jus d'oranges","https://assets.afcdn.com/recipe/20180705/80349_w512h384c1cx2208cy2125.jpg"
"368","96-grands-classiques","punch","100 cl de jus d'ananas","https://assets.afcdn.com/recipe/20180705/80349_w512h384c1cx2208cy2125.jpg"
"369","96-grands-classiques","punch","100 cl de jus de pamplemousses","https://assets.afcdn.com/recipe/20180705/80349_w512h384c1cx2208cy2125.jpg"
"370","96-grands-classiques","punch","1 cannelle","https://assets.afcdn.com/recipe/20180705/80349_w512h384c1cx2208cy2125.jpg"
"371","96-grands-classiques","punch","3 sachets de thé","https://assets.afcdn.com/recipe/20180705/80349_w512h384c1cx2208cy2125.jpg"
"372","punchs-et-sangrias","sangria-espagnole","1 bouteille de vin","https://assets.afcdn.com/recipe/20180705/80332_w512h384c1cx1833cy2308.jpg"
"373","punchs-et-sangrias","sangria-espagnole","8 cl de porto rouge","https://assets.afcdn.com/recipe/20180705/80332_w512h384c1cx1833cy2308.jpg"
"374","punchs-et-sangrias","sangria-espagnole","8 cl de triple sec (cointreau, grand marnier)","https://assets.afcdn.com/recipe/20180705/80332_w512h384c1cx1833cy2308.jpg"
"375","punchs-et-sangrias","sangria-espagnole"," Gingembre","https://assets.afcdn.com/recipe/20180705/80332_w512h384c1cx1833cy2308.jpg"
"376","punchs-et-sangrias","sangria-espagnole","8 cl de cognac","https://assets.afcdn.com/recipe/20180705/80332_w512h384c1cx1833cy2308.jpg"
"377","punchs-et-sangrias","sangria-espagnole"," Orange","https://assets.afcdn.com/recipe/20180705/80332_w512h384c1cx1833cy2308.jpg"
"378","punchs-et-sangrias","sangria-espagnole"," Citron","https://assets.afcdn.com/recipe/20180705/80332_w512h384c1cx1833cy2308.jpg"
"379","punchs-et-sangrias","sangria-espagnole"," Cannelle","https://assets.afcdn.com/recipe/20180705/80332_w512h384c1cx1833cy2308.jpg"
"380","punchs-et-sangrias","sangria-espagnole"," Fruits de saison","https://assets.afcdn.com/recipe/20180705/80332_w512h384c1cx1833cy2308.jpg"
"381","punchs-et-sangrias","sangria-espagnole"," Sucre","https://assets.afcdn.com/recipe/20180705/80332_w512h384c1cx1833cy2308.jpg"
"382","cocktails-au-rhum","marquisette"," bouteille de limonade (soda, sprite, 7up)","https://assets.afcdn.com/recipe/20180705/80340_w512h384c1cx2808cy1872.jpg"
"383","cocktails-au-rhum","marquisette"," bouteille de vin mousseux","https://assets.afcdn.com/recipe/20180705/80340_w512h384c1cx2808cy1872.jpg"
"384","cocktails-au-rhum","marquisette","33 cl de sirop d'orange sanguine","https://assets.afcdn.com/recipe/20180705/80340_w512h384c1cx2808cy1872.jpg"
"385","cocktails-au-rhum","marquisette","1 cl de sucre","https://assets.afcdn.com/recipe/20180705/80340_w512h384c1cx2808cy1872.jpg"
"386","cocktails-au-rhum","marquisette","10 cl de liqueur mandarine napoléon","https://assets.afcdn.com/recipe/20180705/80340_w512h384c1cx2808cy1872.jpg"
"387","cocktails-au-rhum","marquisette","1/4 bouteille de rhum blanc","https://assets.afcdn.com/recipe/20180705/80340_w512h384c1cx2808cy1872.jpg"
"388","cocktails-au-rhum","marquisette","2 bouteilles de vin blanc","https://assets.afcdn.com/recipe/20180705/80340_w512h384c1cx2808cy1872.jpg"
"389","cocktails-au-rhum","marquisette","4 oranges","https://assets.afcdn.com/recipe/20180705/80340_w512h384c1cx2808cy1872.jpg"
"390","cocktails-au-rhum","marquisette","4 citrons","https://assets.afcdn.com/recipe/20180705/80340_w512h384c1cx2808cy1872.jpg"
"391","cocktails-au-rhum","punch-exotique","4 l de jus d'oranges","https://assets.afcdn.com/recipe/20180705/80348_w512h384c1cx1491cy2383.jpg"
"392","cocktails-au-rhum","punch-exotique","1 verre de sirop de sucre de canne","https://assets.afcdn.com/recipe/20180705/80348_w512h384c1cx1491cy2383.jpg"
"393","cocktails-au-rhum","punch-exotique","100 cl de rhum blanc","https://assets.afcdn.com/recipe/20180705/80348_w512h384c1cx1491cy2383.jpg"
"394","cocktails-au-rhum","punch-exotique","100 cl de jus de pamplemousses","https://assets.afcdn.com/recipe/20180705/80348_w512h384c1cx1491cy2383.jpg"
"395","cocktails-au-rhum","punch-exotique","100 cl de jus de fruits exotiques","https://assets.afcdn.com/recipe/20180705/80348_w512h384c1cx1491cy2383.jpg"
"396","cocktails-au-rhum","punch-exotique","2 gousses de vanille","https://assets.afcdn.com/recipe/20180705/80348_w512h384c1cx1491cy2383.jpg"
"397","cocktails-au-rhum","punch-exotique","40 cl de rhum ambré","https://assets.afcdn.com/recipe/20180705/80348_w512h384c1cx1491cy2383.jpg"
"398","punchs-et-sangrias","soupe-angevine","75 cl de vin mousseux","https://assets.afcdn.com/recipe/20180705/80335_w512h384c1cx1537cy1158.jpg"
"399","punchs-et-sangrias","soupe-angevine","10 cl de jus de citrons","https://assets.afcdn.com/recipe/20180705/80335_w512h384c1cx1537cy1158.jpg"
"400","punchs-et-sangrias","soupe-angevine","10 cl de sirop de sucre de canne","https://assets.afcdn.com/recipe/20180705/80335_w512h384c1cx1537cy1158.jpg"
"401","punchs-et-sangrias","soupe-angevine","10 cl de triple sec (cointreau, grand marnier)","https://assets.afcdn.com/recipe/20180705/80335_w512h384c1cx1537cy1158.jpg"
"402","cocktails-au-rhum","punch-planteur","2 pincées de noix de muscade râpée","https://assets.afcdn.com/recipe/20180828/81991_w512h384c1cx750cy1000.jpg"
"403","cocktails-au-rhum","punch-planteur","10 cl de sirop de sucre de canne","https://assets.afcdn.com/recipe/20180828/81991_w512h384c1cx750cy1000.jpg"
"404","cocktails-au-rhum","punch-planteur","1 l de jus d'ananas","https://assets.afcdn.com/recipe/20180828/81991_w512h384c1cx750cy1000.jpg"
"405","cocktails-au-rhum","punch-planteur","1 l de jus d'oranges","https://assets.afcdn.com/recipe/20180828/81991_w512h384c1cx750cy1000.jpg"
"406","cocktails-au-rhum","punch-planteur","1 l de jus de goyaves","https://assets.afcdn.com/recipe/20180828/81991_w512h384c1cx750cy1000.jpg"
"407","cocktails-au-rhum","punch-planteur","1 l de rhum blanc","https://assets.afcdn.com/recipe/20180828/81991_w512h384c1cx750cy1000.jpg"
"408","cocktails-au-rhum","punch-planteur","2 pincées de cannelle en poudre","https://assets.afcdn.com/recipe/20180828/81991_w512h384c1cx750cy1000.jpg"
"409","cocktails-au-rhum","punch-planteur","1 citron vert","https://assets.afcdn.com/recipe/20180828/81991_w512h384c1cx750cy1000.jpg"
"410","cocktails-au-rhum","punch-planteur","2 vanille","https://assets.afcdn.com/recipe/20180828/81991_w512h384c1cx750cy1000.jpg"
"411","cocktails-au-rhum","planteur-martiniquais","5 l de jus de goyaves","https://assets.afcdn.com/recipe/20181127/84316_w512h384c1cx1322cy2100.jpg"
"412","cocktails-au-rhum","planteur-martiniquais","5 l de fruit de la passion (maracuja)","https://assets.afcdn.com/recipe/20181127/84316_w512h384c1cx1322cy2100.jpg"
"413","cocktails-au-rhum","planteur-martiniquais","3 l de jus d'oranges","https://assets.afcdn.com/recipe/20181127/84316_w512h384c1cx1322cy2100.jpg"
"414","cocktails-au-rhum","planteur-martiniquais","3 l de cocktails de fruits","https://assets.afcdn.com/recipe/20181127/84316_w512h384c1cx1322cy2100.jpg"
"415","cocktails-au-rhum","planteur-martiniquais","3 l de jus d'ananas","https://assets.afcdn.com/recipe/20181127/84316_w512h384c1cx1322cy2100.jpg"
"416","cocktails-au-rhum","planteur-martiniquais","100 cl de sirop de sucre de canne","https://assets.afcdn.com/recipe/20181127/84316_w512h384c1cx1322cy2100.jpg"
"417","cocktails-au-rhum","planteur-martiniquais","4 l de rhum blanc","https://assets.afcdn.com/recipe/20181127/84316_w512h384c1cx1322cy2100.jpg"
"418","cocktails-au-rhum","planteur-martiniquais"," Essence de vanille, d'amande amère et de la muscade","https://assets.afcdn.com/recipe/20181127/84316_w512h384c1cx1322cy2100.jpg"
"419","punchs-et-sangrias","mojito-punch","20 menthe",NA
"420","punchs-et-sangrias","mojito-punch","15 cl de sirop de sucre de canne",NA
"421","punchs-et-sangrias","mojito-punch","6 citrons verts",NA
"422","punchs-et-sangrias","mojito-punch","50 cl de rhum cubain (havana club, bacardi)",NA
"423","punchs-et-sangrias","mojito-punch","1 cl d'angostura bitters",NA
"424","punchs-et-sangrias","mojito-punch"," Eau gazeuse",NA
"425","punchs-et-sangrias","framboisine","2 bouteilles de vin mousseux","https://assets.afcdn.com/recipe/20190110/85805_w512h384c1cx1026cy1942.jpg"
"426","punchs-et-sangrias","framboisine","25 cl de sirop de sucre de canne","https://assets.afcdn.com/recipe/20190110/85805_w512h384c1cx1026cy1942.jpg"
"427","punchs-et-sangrias","framboisine","20 cl de triple sec (cointreau, grand marnier)","https://assets.afcdn.com/recipe/20190110/85805_w512h384c1cx1026cy1942.jpg"
"428","punchs-et-sangrias","framboisine","750 g de framboises","https://assets.afcdn.com/recipe/20190110/85805_w512h384c1cx1026cy1942.jpg"
"429","cocktails-au-rhum","rhum-punch","50 cl de ginger ale (canada dry)","https://assets.afcdn.com/recipe/20190703/94627_w30h30c1cx1700cy1700.jpg"
"430","cocktails-au-rhum","rhum-punch","3 citrons","https://assets.afcdn.com/recipe/20190703/94627_w30h30c1cx1700cy1700.jpg"
"431","cocktails-au-rhum","rhum-punch","3 oranges","https://assets.afcdn.com/recipe/20190703/94627_w30h30c1cx1700cy1700.jpg"
"432","cocktails-au-rhum","rhum-punch","50 cl de jus d'ananas","https://assets.afcdn.com/recipe/20190703/94627_w30h30c1cx1700cy1700.jpg"
"433","cocktails-au-rhum","rhum-punch","1/2 bouteille de rhum ambré","https://assets.afcdn.com/recipe/20190703/94627_w30h30c1cx1700cy1700.jpg"
"434","cocktails-au-rhum","rhum-punch","250 g de sucre","https://assets.afcdn.com/recipe/20190703/94627_w30h30c1cx1700cy1700.jpg"
"435","cocktails-au-rhum","ponche-caribenu","7 cl de jus d'oranges","https://assets.afcdn.com/recipe/20190225/88321_w512h384c1cx258cy112.jpg"
"436","cocktails-au-rhum","ponche-caribenu","3 cl de rhum blanc","https://assets.afcdn.com/recipe/20190225/88321_w512h384c1cx258cy112.jpg"
"437","cocktails-au-rhum","ponche-caribenu","1 cl de jus de citrons","https://assets.afcdn.com/recipe/20190225/88321_w512h384c1cx258cy112.jpg"
"438","punchs-et-sangrias","jacqueline","7 cl de vin blanc",NA
"439","punchs-et-sangrias","jacqueline","2 cl de limonade (soda, sprite, 7up)",NA
"440","punchs-et-sangrias","jacqueline","1 cl de sirop de grenadine",NA
"441","punchs-et-sangrias","planter-s-punch","6 cl de rhum brun","https://assets.afcdn.com/recipe/20180705/80347_w512h384c1cx1549cy1664.jpg"
"442","punchs-et-sangrias","planter-s-punch","2 cl de jus de citrons","https://assets.afcdn.com/recipe/20180705/80347_w512h384c1cx1549cy1664.jpg"
"443","punchs-et-sangrias","planter-s-punch","2 cl de jus d'oranges","https://assets.afcdn.com/recipe/20180705/80347_w512h384c1cx1549cy1664.jpg"
"444","punchs-et-sangrias","planter-s-punch","1 cl de sirop de grenadine","https://assets.afcdn.com/recipe/20180705/80347_w512h384c1cx1549cy1664.jpg"
"445","cocktails-sans-alcool","punch-sans-alcool","2 cl de sirop caribbean (saveur rhum)",NA
"446","cocktails-sans-alcool","punch-sans-alcool","3 cl de jus de goyaves",NA
"447","cocktails-sans-alcool","punch-sans-alcool","3 cl de jus d'oranges",NA
"448","cocktails-sans-alcool","punch-sans-alcool","3 cl de jus d'ananas",NA
"449","cocktails-sans-alcool","punch-sans-alcool","1 cl de sirop d'épices (spicy)",NA
"450","cocktails-au-rhum","planteur-antillais","1.5 cl de sirop de grenadine",NA
"451","cocktails-au-rhum","planteur-antillais","4 cl de rhum blanc",NA
"452","cocktails-au-rhum","planteur-antillais","2 traits d'angostura bitters",NA
"453","cocktails-au-rhum","planteur-antillais","10 cl de jus d'oranges",NA
"454","punchs-et-sangrias","punch-lorrain","4 cl de liqueur de mirabelles",NA
"455","punchs-et-sangrias","punch-lorrain","4 cl de sirop de citrons",NA
"456","punchs-et-sangrias","punch-lorrain","2 cl de sirop de sucre de canne",NA
"457","punchs-et-sangrias","punch-lorrain","8 cl d'eau gazeuse",NA
"458","cocktails-sans-alcool","sangria-sans-alcool","8 cl de sirop de sangria",NA
"459","cocktails-sans-alcool","sangria-sans-alcool","100 cl de jus de raisins",NA
"460","cocktails-sans-alcool","sangria-sans-alcool","20 cl de jus d'oranges",NA
"461","cocktails-sans-alcool","sangria-sans-alcool","10 cl de jus de citrons",NA
"462","punchs-et-sangrias","sangria-au-vin-blanc","60 cl de vin blanc","https://assets.afcdn.com/recipe/20180703/80162_w30h30c1cx350cy350.jpg"
"463","punchs-et-sangrias","sangria-au-vin-blanc","25 cl de jus d'ananas","https://assets.afcdn.com/recipe/20180703/80162_w30h30c1cx350cy350.jpg"
"464","punchs-et-sangrias","sangria-au-vin-blanc","5 cl de cognac","https://assets.afcdn.com/recipe/20180703/80162_w30h30c1cx350cy350.jpg"
"465","punchs-et-sangrias","sangria-au-vin-blanc","1 cuillère à soupe de sucre glace","https://assets.afcdn.com/recipe/20180703/80162_w30h30c1cx350cy350.jpg"
"466","punchs-et-sangrias","sangria-au-vin-blanc","1/4 ananas","https://assets.afcdn.com/recipe/20180703/80162_w30h30c1cx350cy350.jpg"
"467","punchs-et-sangrias","sangria-au-vin-blanc","1/2 orange","https://assets.afcdn.com/recipe/20180703/80162_w30h30c1cx350cy350.jpg"
"468","punchs-et-sangrias","sangria-au-vin-blanc","1 citron","https://assets.afcdn.com/recipe/20180703/80162_w30h30c1cx350cy350.jpg"
"469","punchs-et-sangrias","sangria-au-vin-blanc","20 cl de limonade (soda, sprite, 7up)","https://assets.afcdn.com/recipe/20180703/80162_w30h30c1cx350cy350.jpg"
"470","punchs-et-sangrias","fontaine-de-champagne","10 bouteilles de champagne",NA
"471","punchs-et-sangrias","punch-creole","1 l de rhum blanc",NA
"472","punchs-et-sangrias","punch-creole","1 vanille",NA
"473","punchs-et-sangrias","punch-creole","10 cl de sirop de sucre de canne",NA
"474","punchs-et-sangrias","punch-creole","1 citron vert",NA
"475","punchs-et-sangrias","punch-creole","2 oranges",NA
"476","punchs-et-sangrias","punch-creole","50 cl de jus de goyaves",NA
"477","punchs-et-sangrias","punch-creole","50 cl de jus de mangues",NA
"478","punchs-et-sangrias","punch-creole","30 cl de jus de bananes",NA
"479","punchs-et-sangrias","punch-creole","1 pincée de cannelle",NA
"480","punchs-et-sangrias","punch-coco","3 cl de sirop de vanille",NA
"481","punchs-et-sangrias","punch-coco","1 pincée de noix de muscade râpée",NA
"482","punchs-et-sangrias","punch-coco","1 pincée de cannelle",NA
"483","punchs-et-sangrias","punch-coco","3 zestes de citron vert",NA
"484","punchs-et-sangrias","punch-coco","400 g de lait concentré sucré",NA
"485","punchs-et-sangrias","punch-coco","50 cl de rhum blanc",NA
"486","punchs-et-sangrias","punch-coco","2 noix de coco",NA
"487","punchs-et-sangrias","sangria-portugaise"," Fruits de saison",NA
"488","punchs-et-sangrias","sangria-portugaise"," Cannelle",NA
"489","punchs-et-sangrias","sangria-portugaise","1 citron",NA
"490","punchs-et-sangrias","sangria-portugaise","1 orange",NA
"491","punchs-et-sangrias","sangria-portugaise","8 cl de cognac",NA
"492","punchs-et-sangrias","sangria-portugaise","8 cl de triple sec (cointreau, grand marnier)",NA
"493","punchs-et-sangrias","sangria-portugaise"," Gingembre",NA
"494","punchs-et-sangrias","sangria-portugaise","8 cl de porto rouge",NA
"495","punchs-et-sangrias","sangria-portugaise","1 bouteille de vin rouge",NA
"496","punchs-et-sangrias","sangria-portugaise"," Sucre",NA
"497","punchs-et-sangrias","planteur-guadeloupeen","10 cl de sirop de sucre de canne",NA
"498","punchs-et-sangrias","planteur-guadeloupeen","20 cl de rhum blanc",NA
"499","punchs-et-sangrias","planteur-guadeloupeen","20 cl de jus de goyaves",NA
"500","punchs-et-sangrias","pink-punch","2 cl de rhum blanc",NA
"501","punchs-et-sangrias","pink-punch","2 cl de jus de framboises",NA
"502","punchs-et-sangrias","pink-punch","2 cl de lime cordial",NA
"503","punchs-et-sangrias","pink-punch"," Eau gazeuse",NA
"504","punchs-et-sangrias","tequila-punch","3 cl de tequila",NA
"505","punchs-et-sangrias","tequila-punch","3 cl de jus de pamplemousses",NA
"506","punchs-et-sangrias","tequila-punch","3 cl de jus de pommes",NA
"507","punchs-et-sangrias","punch-litchis","10 cl de liqueur de lychees (soho, litchao)","https://assets.afcdn.com/recipe/20180703/80165_w30h30c1cx2400cy2400.jpg"
"508","punchs-et-sangrias","punch-litchis","3 l de limonade (soda, sprite, 7up)","https://assets.afcdn.com/recipe/20180703/80165_w30h30c1cx2400cy2400.jpg"
"509","punchs-et-sangrias","punch-litchis","25 cl de gin","https://assets.afcdn.com/recipe/20180703/80165_w30h30c1cx2400cy2400.jpg"
"510","punchs-et-sangrias","sangria-rose","150 g de fruits des bois","https://assets.afcdn.com/recipe/20181130/84455_w30h30c1cx150cy150.jpg"
"511","punchs-et-sangrias","sangria-rose","2 menthe","https://assets.afcdn.com/recipe/20181130/84455_w30h30c1cx150cy150.jpg"
"512","punchs-et-sangrias","sangria-rose","30 g de sucre","https://assets.afcdn.com/recipe/20181130/84455_w30h30c1cx150cy150.jpg"
"513","punchs-et-sangrias","sangria-rose","3 cl de gin","https://assets.afcdn.com/recipe/20181130/84455_w30h30c1cx150cy150.jpg"
"514","punchs-et-sangrias","sangria-rose","3 cl de licor beirão","https://assets.afcdn.com/recipe/20181130/84455_w30h30c1cx150cy150.jpg"
"515","punchs-et-sangrias","sangria-rose","30 cl de limonade (soda, sprite, 7up)","https://assets.afcdn.com/recipe/20181130/84455_w30h30c1cx150cy150.jpg"
"516","punchs-et-sangrias","sangria-rose","15 cl de jus d'oranges","https://assets.afcdn.com/recipe/20181130/84455_w30h30c1cx150cy150.jpg"
"517","punchs-et-sangrias","sangria-rose","2 cl de sirop de grenadine","https://assets.afcdn.com/recipe/20181130/84455_w30h30c1cx150cy150.jpg"
"518","punchs-et-sangrias","sangria-rose"," Vin rosé","https://assets.afcdn.com/recipe/20181130/84455_w30h30c1cx150cy150.jpg"
"519","punchs-et-sangrias","punch-coco-soleil","50 cl de rhum blanc",NA
"520","punchs-et-sangrias","punch-coco-soleil","2 boîtes de lait de coco",NA
"521","punchs-et-sangrias","punch-coco-soleil","1 boîte de lait concentré sucré",NA
"522","punchs-et-sangrias","punch-coco-soleil","1 pincée de muscade",NA
"523","punchs-et-sangrias","punch-coco-soleil","1 pincée de poudre de gingembre",NA
"524","punchs-et-sangrias","punch-coco-soleil","1 cuillère à café de cannelle",NA
"525","punchs-et-sangrias","punch-coco-soleil","1 vanille",NA
"526","punchs-et-sangrias","soupe-de-cidre","1 bouteille de cidre","https://assets.afcdn.com/recipe/20180703/80162_w30h30c1cx350cy350.jpg"
"527","punchs-et-sangrias","soupe-de-cidre","30 cl de jus d'oranges","https://assets.afcdn.com/recipe/20180703/80162_w30h30c1cx350cy350.jpg"
"528","punchs-et-sangrias","soupe-de-cidre","3 cl de cognac","https://assets.afcdn.com/recipe/20180703/80162_w30h30c1cx350cy350.jpg"
"529","punchs-et-sangrias","soupe-de-cidre","15 cl de sirop de sucre de canne","https://assets.afcdn.com/recipe/20180703/80162_w30h30c1cx350cy350.jpg"
"530","punchs-et-sangrias","mon-cheri","8 cl de vin blanc",NA
"531","punchs-et-sangrias","mon-cheri","1 cl de triple sec (cointreau, grand marnier)",NA
"532","punchs-et-sangrias","mon-cheri","15 cl de jus d'oranges sanguines",NA
"533","96-grands-classiques","cosmopolitan","4 cl de vodka","https://assets.afcdn.com/recipe/20180705/80274_w512h384c1cx2378cy1278.jpg"
"534","96-grands-classiques","cosmopolitan","2 cl de triple sec (cointreau, grand marnier)","https://assets.afcdn.com/recipe/20180705/80274_w512h384c1cx2378cy1278.jpg"
"535","96-grands-classiques","cosmopolitan","2 cl de jus de cranberry (canneberges)","https://assets.afcdn.com/recipe/20180705/80274_w512h384c1cx2378cy1278.jpg"
"536","96-grands-classiques","cosmopolitan","1 cl de jus de citrons verts","https://assets.afcdn.com/recipe/20180705/80274_w512h384c1cx2378cy1278.jpg"
"537","96-grands-classiques","blue-lagoon","4 cl de vodka","https://assets.afcdn.com/recipe/20180705/80346_w512h384c1cx1727cy777.jpg"
"538","96-grands-classiques","blue-lagoon","3 cl de curaçao bleu","https://assets.afcdn.com/recipe/20180705/80346_w512h384c1cx1727cy777.jpg"
"539","96-grands-classiques","blue-lagoon","2 cl de jus de citrons","https://assets.afcdn.com/recipe/20180705/80346_w512h384c1cx1727cy777.jpg"
"540","96-grands-classiques","sex-on-the-beach","3 cl de vodka","https://assets.afcdn.com/recipe/20180705/80336_w512h384c1cx1859cy2900.jpg"
"541","96-grands-classiques","sex-on-the-beach","2 cl de sirop de melon","https://assets.afcdn.com/recipe/20180705/80336_w512h384c1cx1859cy2900.jpg"
"542","96-grands-classiques","sex-on-the-beach","2 cl de chambord","https://assets.afcdn.com/recipe/20180705/80336_w512h384c1cx1859cy2900.jpg"
"543","96-grands-classiques","sex-on-the-beach","5 cl de jus d'ananas","https://assets.afcdn.com/recipe/20180705/80336_w512h384c1cx1859cy2900.jpg"
"544","96-grands-classiques","sex-on-the-beach","6 cl de jus de cranberry (canneberges)","https://assets.afcdn.com/recipe/20180705/80336_w512h384c1cx1859cy2900.jpg"
"545","96-grands-classiques","bloody-mary","4 cl de vodka","https://assets.afcdn.com/recipe/20180801/81645_w512h384c1cx2200cy1227.jpg"
"546","96-grands-classiques","bloody-mary","12 cl de jus de tomates","https://assets.afcdn.com/recipe/20180801/81645_w512h384c1cx2200cy1227.jpg"
"547","96-grands-classiques","bloody-mary","1/2 cl de jus de citrons","https://assets.afcdn.com/recipe/20180801/81645_w512h384c1cx2200cy1227.jpg"
"548","96-grands-classiques","bloody-mary","1/2 cl de sauce worcestershire","https://assets.afcdn.com/recipe/20180801/81645_w512h384c1cx2200cy1227.jpg"
"549","96-grands-classiques","bloody-mary","2 gouttes de tabasco","https://assets.afcdn.com/recipe/20180801/81645_w512h384c1cx2200cy1227.jpg"
"550","96-grands-classiques","bloody-mary"," Sel de céleri","https://assets.afcdn.com/recipe/20180801/81645_w512h384c1cx2200cy1227.jpg"
"551","96-grands-classiques","bloody-mary"," Sel","https://assets.afcdn.com/recipe/20180801/81645_w512h384c1cx2200cy1227.jpg"
"552","96-grands-classiques","bloody-mary"," Poivre","https://assets.afcdn.com/recipe/20180801/81645_w512h384c1cx2200cy1227.jpg"
"553","cocktails-a-la-vodka","moscow-mule"," Ginger beer","https://assets.afcdn.com/recipe/20180828/81987_w512h384c1cx707cy1060.jpg"
"554","cocktails-a-la-vodka","moscow-mule","6 cl de vodka","https://assets.afcdn.com/recipe/20180828/81987_w512h384c1cx707cy1060.jpg"
"555","cocktails-a-la-vodka","moscow-mule","1 cl de jus de citrons","https://assets.afcdn.com/recipe/20180828/81987_w512h384c1cx707cy1060.jpg"
"556","cocktails-a-la-vodka","roulette-russe","1/3 shooter de vodka",NA
"557","cocktails-a-la-vodka","roulette-russe","1/3 shooter de galliano",NA
"558","cocktails-a-la-vodka","roulette-russe","6 cl de sambuca",NA
"559","cocktails-a-la-vodka","roulette-russe","1 quartier de citron",NA
"560","cocktails-a-la-vodka","roulette-russe"," Sucre",NA
"561","96-grands-classiques","russe-blanc","5 cl de vodka","https://assets.afcdn.com/recipe/20180816/81800_w512h384c1cx1456cy1412.jpg"
"562","96-grands-classiques","russe-blanc","2 cl de liqueur de café (kahlua, marie brizard)","https://assets.afcdn.com/recipe/20180816/81800_w512h384c1cx1456cy1412.jpg"
"563","96-grands-classiques","russe-blanc","3 cl de crème fraîche liquide","https://assets.afcdn.com/recipe/20180816/81800_w512h384c1cx1456cy1412.jpg"
"564","96-grands-classiques","white-russian","4 cl de vodka","https://assets.afcdn.com/recipe/20180801/81664_w512h384c1cx3976cy2652.jpg"
"565","96-grands-classiques","white-russian","4 cl de liqueur de café (kahlua, marie brizard)","https://assets.afcdn.com/recipe/20180801/81664_w512h384c1cx3976cy2652.jpg"
"566","96-grands-classiques","white-russian","2 cl de lait","https://assets.afcdn.com/recipe/20180801/81664_w512h384c1cx3976cy2652.jpg"
"567","96-grands-classiques","white-russian","2 cl de crème fraîche liquide","https://assets.afcdn.com/recipe/20180801/81664_w512h384c1cx3976cy2652.jpg"
"568","cocktails-a-la-vodka","vodka-martini-vodkatini","7 cl de vodka","https://assets.afcdn.com/recipe/20180801/81666_w512h384c1cx2222cy1786.jpg"
"569","cocktails-a-la-vodka","vodka-martini-vodkatini","5 gouttes de vermouth dry (martini, noilly prat)","https://assets.afcdn.com/recipe/20180801/81666_w512h384c1cx2222cy1786.jpg"
"570","cocktails-a-la-vodka","caipiroska","6 cl de vodka","https://assets.afcdn.com/recipe/20181220/84947_w512h384c1cx3740cy2160.jpg"
"571","cocktails-a-la-vodka","caipiroska","1 citron vert","https://assets.afcdn.com/recipe/20181220/84947_w512h384c1cx3740cy2160.jpg"
"572","cocktails-a-la-vodka","caipiroska","1 cuillère à soupe de sucre","https://assets.afcdn.com/recipe/20181220/84947_w512h384c1cx3740cy2160.jpg"
"573","96-grands-classiques","black-russian","6 cl de vodka","https://assets.afcdn.com/recipe/20180903/82116_w512h384c1cx3324cy2216.jpg"
"574","96-grands-classiques","black-russian","3 cl de liqueur de café (kahlua, marie brizard)","https://assets.afcdn.com/recipe/20180903/82116_w512h384c1cx3324cy2216.jpg"
"575","cocktails-a-la-vodka","liqueur-de-cafe","120 g de café en grains","https://assets.afcdn.com/recipe/20181130/84458_w512h384c1cx2475cy1218.jpg"
"576","cocktails-a-la-vodka","liqueur-de-cafe","20 cl de sirop de sucre de canne","https://assets.afcdn.com/recipe/20181130/84458_w512h384c1cx2475cy1218.jpg"
"577","cocktails-a-la-vodka","liqueur-de-cafe","1 l de vodka","https://assets.afcdn.com/recipe/20181130/84458_w512h384c1cx2475cy1218.jpg"
"578","cocktails-a-la-vodka","liqueur-de-cafe","1 vanille","https://assets.afcdn.com/recipe/20181130/84458_w512h384c1cx2475cy1218.jpg"
"579","cocktails-a-la-vodka","kiss-cool","3 cl de vodka","https://assets.afcdn.com/recipe/20181221/85009_w512h384c1cx1308cy1716.jpg"
"580","cocktails-a-la-vodka","kiss-cool","2 cl de liqueur de menthe blanche (get 31)","https://assets.afcdn.com/recipe/20181221/85009_w512h384c1cx1308cy1716.jpg"
"581","cocktails-a-la-vodka","kiss-cool","1/2 cl de curaçao bleu","https://assets.afcdn.com/recipe/20181221/85009_w512h384c1cx1308cy1716.jpg"
"582","cocktails-a-la-vodka","vodka-tagada","1 bouteille de vodka",NA
"583","cocktails-a-la-vodka","vodka-tagada","200 g de fraise tagada",NA
"584","cocktails-a-la-vodka","vodka-red-bull"," Energy drink (red bull, pitbull, duff)","https://assets.afcdn.com/recipe/20180906/82150_w512h384c1cx2640cy2210.jpg"
"585","cocktails-a-la-vodka","vodka-red-bull","3 cl de vodka","https://assets.afcdn.com/recipe/20180906/82150_w512h384c1cx2640cy2210.jpg"
"586","cocktails-a-la-vodka","cervelle-de-singe","1 cl de sirop de grenadine","https://assets.afcdn.com/recipe/20180703/80161_w30h30c1cx350cy350.jpg"
"587","cocktails-a-la-vodka","cervelle-de-singe","1 cl de crème de whisky (baileys)","https://assets.afcdn.com/recipe/20180703/80161_w30h30c1cx350cy350.jpg"
"588","cocktails-a-la-vodka","cervelle-de-singe","3 cl de vodka","https://assets.afcdn.com/recipe/20180703/80161_w30h30c1cx350cy350.jpg"
"589","cocktails-a-la-vodka","porn-star-martini","1.5 cl de sirop de vanille","https://assets.afcdn.com/recipe/20180703/80161_w30h30c1cx350cy350.jpg"
"590","cocktails-a-la-vodka","porn-star-martini","1.5 cl de sirop de fruit de la passion (maracuja)","https://assets.afcdn.com/recipe/20180703/80161_w30h30c1cx350cy350.jpg"
"591","cocktails-a-la-vodka","porn-star-martini","3.5 cl de vodka","https://assets.afcdn.com/recipe/20180703/80161_w30h30c1cx350cy350.jpg"
"592","cocktails-a-la-vodka","porn-star-martini","5 cl de purée de fruit de la passion","https://assets.afcdn.com/recipe/20180703/80161_w30h30c1cx350cy350.jpg"
"593","cocktails-a-la-vodka","vin-de-sureau","1 l de vin blanc","https://assets.afcdn.com/recipe/20180703/80161_w30h30c1cx350cy350.jpg"
"594","cocktails-a-la-vodka","vin-de-sureau","6 fleurs de sureau","https://assets.afcdn.com/recipe/20180703/80161_w30h30c1cx350cy350.jpg"
"595","cocktails-a-la-vodka","vin-de-sureau","15 cl de vodka","https://assets.afcdn.com/recipe/20180703/80161_w30h30c1cx350cy350.jpg"
"596","cocktails-a-la-vodka","vin-de-sureau","150 g de sucre","https://assets.afcdn.com/recipe/20180703/80161_w30h30c1cx350cy350.jpg"
"597","cocktails-a-la-vodka","moloko","30 cl de vodka",NA
"598","cocktails-a-la-vodka","moloko","6 sucre en morceaux",NA
"599","cocktails-a-la-vodka","moloko","4 carambars",NA
"600","cocktails-a-la-vodka","moloko","20 cl de lait",NA
"601","cocktails-a-la-vodka","liqueur-de-framboises","350 g de sucre","https://assets.afcdn.com/recipe/20180906/82152_w512h384c1cx1583cy3261.jpg"
"602","cocktails-a-la-vodka","liqueur-de-framboises","4 verres d'eau","https://assets.afcdn.com/recipe/20180906/82152_w512h384c1cx1583cy3261.jpg"
"603","cocktails-a-la-vodka","liqueur-de-framboises","1 l de vodka","https://assets.afcdn.com/recipe/20180906/82152_w512h384c1cx1583cy3261.jpg"
"604","cocktails-a-la-vodka","liqueur-de-framboises","500 g de framboises","https://assets.afcdn.com/recipe/20180906/82152_w512h384c1cx1583cy3261.jpg"
"605","cocktails-a-la-vodka","liqueur-de-cerises","1 kg de cerises","https://assets.afcdn.com/recipe/20181130/84455_w30h30c1cx150cy150.jpg"
"606","cocktails-a-la-vodka","liqueur-de-cerises","1 l de vodka","https://assets.afcdn.com/recipe/20181130/84455_w30h30c1cx150cy150.jpg"
"607","cocktails-a-la-vodka","liqueur-de-cerises","350 g de sucre","https://assets.afcdn.com/recipe/20181130/84455_w30h30c1cx150cy150.jpg"
"608","cocktails-a-la-vodka","colonel","5 cl de vodka","https://assets.afcdn.com/recipe/20180906/82153_w512h384c1cx1318cy1154.jpg"
"609","cocktails-a-la-vodka","colonel","2 sorbet citron","https://assets.afcdn.com/recipe/20180906/82153_w512h384c1cx1318cy1154.jpg"
"610","96-grands-classiques","screwdriver-vodka-orange","4 cl de vodka","https://assets.afcdn.com/recipe/20180903/82121_w512h384c1cx1030cy930.jpg"
"611","96-grands-classiques","screwdriver-vodka-orange","12 cl de jus d'oranges","https://assets.afcdn.com/recipe/20180903/82121_w512h384c1cx1030cy930.jpg"
"612","cocktails-a-la-vodka","liqueur-de-banane","4 bananes",NA
"613","cocktails-a-la-vodka","liqueur-de-banane","80 cl de vodka",NA
"614","cocktails-a-la-vodka","liqueur-de-banane","40 cl d'eau",NA
"615","cocktails-a-la-vodka","liqueur-de-banane","300 g de sucre",NA
"616","cocktails-a-la-vodka","liqueur-de-noix-vertes","21 noix vertes",NA
"617","cocktails-a-la-vodka","liqueur-de-noix-vertes","500 g de sucre",NA
"618","cocktails-a-la-vodka","liqueur-de-noix-vertes","50 cl d'eau",NA
"619","cocktails-a-la-vodka","liqueur-de-noix-vertes","100 cl de vodka",NA
"620","cocktails-a-la-vodka","vin-de-cerises","500 g de sucre","https://assets.afcdn.com/recipe/20190103/85298_w512h384c1cx615cy4005.jpg"
"621","cocktails-a-la-vodka","vin-de-cerises","50 cl de vodka","https://assets.afcdn.com/recipe/20190103/85298_w512h384c1cx615cy4005.jpg"
"622","cocktails-a-la-vodka","vin-de-cerises","1 kg de cerises","https://assets.afcdn.com/recipe/20190103/85298_w512h384c1cx615cy4005.jpg"
"623","cocktails-a-la-vodka","vin-de-cerises","3 l de vin rouge","https://assets.afcdn.com/recipe/20190103/85298_w512h384c1cx615cy4005.jpg"
"624","cocktails-a-la-vodka","vodka-caramel","60 cl de vodka","https://assets.afcdn.com/recipe/20180906/82154_w512h384c1cx1194cy866.jpg"
"625","cocktails-a-la-vodka","vodka-caramel","30 cl de sirop de caramel","https://assets.afcdn.com/recipe/20180906/82154_w512h384c1cx1194cy866.jpg"
"626","cocktails-a-la-vodka","watermelon-vodka","1 pastèques",NA
"627","cocktails-a-la-vodka","watermelon-vodka","1 bouteille de vodka",NA
"628","cocktails-a-la-vodka","liqueur-d-orange","1 l de vodka",NA
"629","cocktails-a-la-vodka","liqueur-d-orange","1 orange",NA
"630","cocktails-a-la-vodka","liqueur-d-orange","250 g de sirop de sucre de canne",NA
"631","cocktails-a-la-vodka","vodka-tonic","14 cl de tonic","https://assets.afcdn.com/recipe/20180709/80474_w30h30c1cx75cy75.jpg"
"632","cocktails-a-la-vodka","vodka-tonic","6 cl de vodka","https://assets.afcdn.com/recipe/20180709/80474_w30h30c1cx75cy75.jpg"
"633","cocktails-au-rhum","chiwawa"," Sucre","https://assets.afcdn.com/recipe/20180827/81962_w512h384c1cx1300cy1616.jpg"
"634","cocktails-au-rhum","chiwawa"," Rhum blanc","https://assets.afcdn.com/recipe/20180827/81962_w512h384c1cx1300cy1616.jpg"
"635","shooters","jager-bomb","25 cl d'energy drink (red bull, pitbull, duff)","https://assets.afcdn.com/recipe/20180827/81963_w512h384c1cx736cy712.jpg"
"636","shooters","jager-bomb","4 cl de jägermeister","https://assets.afcdn.com/recipe/20180827/81963_w512h384c1cx736cy712.jpg"
"637","shooters","shotgun-tequila-paf"," Sel","https://assets.afcdn.com/recipe/20180801/81668_w512h384c1cx2250cy1500.jpg"
"638","shooters","shotgun-tequila-paf"," quartier de citron vert","https://assets.afcdn.com/recipe/20180801/81668_w512h384c1cx2250cy1500.jpg"
"639","shooters","shotgun-tequila-paf","3 cl de tequila","https://assets.afcdn.com/recipe/20180801/81668_w512h384c1cx2250cy1500.jpg"
"640","shooters","shotgun-tequila-paf"," Tonic","https://assets.afcdn.com/recipe/20180801/81668_w512h384c1cx2250cy1500.jpg"
"641","cocktails-a-la-vodka","roulette-russe","1/3 shooter de vodka",NA
"642","cocktails-a-la-vodka","roulette-russe","1/3 shooter de galliano",NA
"643","cocktails-a-la-vodka","roulette-russe","6 cl de sambuca",NA
"644","cocktails-a-la-vodka","roulette-russe","1 quartier de citron",NA
"645","cocktails-a-la-vodka","roulette-russe"," Sucre",NA
"646","shooters","fireball","75 cl de whisky (bourbon, whiskey)","https://assets.afcdn.com/recipe/20181204/84585_w512h384c1cx2233cy2441.jpg"
"647","shooters","fireball","1 cuillère à café de cannelle en poudre","https://assets.afcdn.com/recipe/20181204/84585_w512h384c1cx2233cy2441.jpg"
"648","shooters","fireball","60 g de sucre","https://assets.afcdn.com/recipe/20181204/84585_w512h384c1cx2233cy2441.jpg"
"649","shooters","fireball","1 cuillère à café de tabasco","https://assets.afcdn.com/recipe/20181204/84585_w512h384c1cx2233cy2441.jpg"
"650","shooters","cucaracha","4 cl de tequila","https://assets.afcdn.com/recipe/20181204/84588_w512h384c1cx2123cy1552.jpg"
"651","shooters","cucaracha","2 cl de liqueur de café (kahlua, marie brizard)","https://assets.afcdn.com/recipe/20181204/84588_w512h384c1cx2123cy1552.jpg"
"652","cocktails-a-la-vodka","kiss-cool","3 cl de vodka","https://assets.afcdn.com/recipe/20181221/85009_w512h384c1cx1308cy1716.jpg"
"653","cocktails-a-la-vodka","kiss-cool","2 cl de liqueur de menthe blanche (get 31)","https://assets.afcdn.com/recipe/20181221/85009_w512h384c1cx1308cy1716.jpg"
"654","cocktails-a-la-vodka","kiss-cool","1/2 cl de curaçao bleu","https://assets.afcdn.com/recipe/20181221/85009_w512h384c1cx1308cy1716.jpg"
"655","cocktails-a-la-vodka","cervelle-de-singe","1 cl de sirop de grenadine","https://assets.afcdn.com/recipe/20180703/80161_w30h30c1cx350cy350.jpg"
"656","cocktails-a-la-vodka","cervelle-de-singe","1 cl de crème de whisky (baileys)","https://assets.afcdn.com/recipe/20180703/80161_w30h30c1cx350cy350.jpg"
"657","cocktails-a-la-vodka","cervelle-de-singe","3 cl de vodka","https://assets.afcdn.com/recipe/20180703/80161_w30h30c1cx350cy350.jpg"
"658","shooters","orgasme","1 cl de liqueur de menthe verte (get 27)",NA
"659","shooters","orgasme","2 cl de tequila",NA
"660","shooters","orgasme","2 cl de crème de whisky (baileys)",NA
"661","shooters","b-52","3 cl de triple sec (cointreau, grand marnier)","https://assets.afcdn.com/recipe/20180705/80343_w512h384c1cx3285cy1771.jpg"
"662","shooters","b-52","3 cl de crème de whisky (baileys)","https://assets.afcdn.com/recipe/20180705/80343_w512h384c1cx3285cy1771.jpg"
"663","shooters","b-52","3 cl de liqueur de café (kahlua, marie brizard)","https://assets.afcdn.com/recipe/20180705/80343_w512h384c1cx3285cy1771.jpg"
"664","shooters","kamikaze","2 cl de vodka",NA
"665","shooters","kamikaze","2 cl de triple sec (cointreau, grand marnier)",NA
"666","shooters","kamikaze","2 cl de jus de citrons verts",NA
"667","shooters","sperm","1 cl de vodka","https://assets.afcdn.com/recipe/20181130/84449_w30h30c1cx1872cy2148.jpg"
"668","shooters","sperm","1 cl de tequila","https://assets.afcdn.com/recipe/20181130/84449_w30h30c1cx1872cy2148.jpg"
"669","shooters","sperm"," Crème fraîche liquide","https://assets.afcdn.com/recipe/20181130/84449_w30h30c1cx1872cy2148.jpg"
"670","shooters","petit-gregory","1 olive","https://assets.afcdn.com/recipe/20180703/80165_w30h30c1cx2400cy2400.jpg"
"671","shooters","petit-gregory","1 morceau de sucre","https://assets.afcdn.com/recipe/20180703/80165_w30h30c1cx2400cy2400.jpg"
"672","shooters","petit-gregory","4 cl de gin","https://assets.afcdn.com/recipe/20180703/80165_w30h30c1cx2400cy2400.jpg"
"673","shooters","petit-gregory","1 ficelle","https://assets.afcdn.com/recipe/20180703/80165_w30h30c1cx2400cy2400.jpg"
"674","shooters","petit-gregory"," Tonic","https://assets.afcdn.com/recipe/20180703/80165_w30h30c1cx2400cy2400.jpg"
"675","shooters","dragon-ball-z-gt","1 cl de vodka",NA
"676","shooters","dragon-ball-z-gt","3 cl de gold strike (goldschlager)",NA
"677","shooters","dragon-ball-z-gt","3 cl d'absinthe",NA
"678","shooters","waf-waf","2 cl de liqueur de menthe verte (get 27)","https://assets.afcdn.com/recipe/20180709/80472_w30h30c1cx184cy185.jpg"
"679","shooters","waf-waf","2 cl de vodka","https://assets.afcdn.com/recipe/20180709/80472_w30h30c1cx184cy185.jpg"
"680","shooters","irish-car-bomb","15 cl de bière stout (guinness)","https://assets.afcdn.com/recipe/20180703/80163_w30h30c1cx350cy350.jpg"
"681","shooters","irish-car-bomb","2 cl de crème de whisky (baileys)","https://assets.afcdn.com/recipe/20180703/80163_w30h30c1cx350cy350.jpg"
"682","shooters","irish-car-bomb","2 cl de whisky (bourbon, whiskey)","https://assets.afcdn.com/recipe/20180703/80163_w30h30c1cx350cy350.jpg"
"683","shooters","rainbow-shot-the-sheriff","10 cl de jus d'oranges",NA
"684","shooters","rainbow-shot-the-sheriff","3 cl de vodka",NA
"685","shooters","rainbow-shot-the-sheriff","3 cl de sirop de grenadine",NA
"686","shooters","rainbow-shot-the-sheriff","2 cl de curaçao bleu",NA
"687","shooters","lemon-drop","1 quartier de citron","https://assets.afcdn.com/recipe/20180703/80161_w30h30c1cx350cy350.jpg"
"688","shooters","lemon-drop"," Sucre","https://assets.afcdn.com/recipe/20180703/80161_w30h30c1cx350cy350.jpg"
"689","shooters","lemon-drop","3 cl de vodka","https://assets.afcdn.com/recipe/20180703/80161_w30h30c1cx350cy350.jpg"
"690","shooters","baby-guinness","4/5 liqueur de café (kahlua, marie brizard)","https://assets.afcdn.com/recipe/20180709/80472_w30h30c1cx184cy185.jpg"
"691","shooters","baby-guinness","1/5 crème de whisky (baileys)","https://assets.afcdn.com/recipe/20180709/80472_w30h30c1cx184cy185.jpg"
"692","shooters","blow-job","2 cl de liqueur de café (kahlua, marie brizard)","https://assets.afcdn.com/recipe/20180827/81931_w512h384c1cx1866cy3461.jpg"
"693","shooters","blow-job","2 cl de crème de whisky (baileys)","https://assets.afcdn.com/recipe/20180827/81931_w512h384c1cx1866cy3461.jpg"
"694","shooters","irish-flag","3 cl de triple sec (cointreau, grand marnier)",NA
"695","shooters","irish-flag","3 cl de crème de whisky (baileys)",NA
"696","shooters","irish-flag","3 cl de liqueur de menthe blanche (get 31)",NA
"697","shooters","cocaine-liquide","1/3 vodka",NA
"698","shooters","cocaine-liquide","1/3 tequila",NA
"699","shooters","cocaine-liquide","1/3 curaçao bleu",NA
"700","shooters","red-white-and-blue","1 volume de sirop de grenadine",NA
"701","shooters","red-white-and-blue","1 volume de crème de pêche",NA
"702","shooters","red-white-and-blue","1 volume de curaçao bleu",NA
"703","shooters","bazooka","2 cl de vodka",NA
"704","shooters","bazooka","1 cl de curaçao bleu",NA
"705","shooters","bazooka","3 cl de crème de whisky (baileys)",NA
"706","shooters","grenouille-paf-paf-la-grenouille","2/3 tonic",NA
"707","shooters","grenouille-paf-paf-la-grenouille","1/3 vodka",NA
"708","shooters","grenouille-paf-paf-la-grenouille","1 cl de jus de citrons",NA
"709","shooters","grenouille-paf-paf-la-grenouille","1/2 cl de curaçao bleu",NA
"710","shooters","wsciekly-pies-chien-enrage","2 cl de sirop de framboises","https://assets.afcdn.com/recipe/20181130/84448_w30h30c1cx250cy250.jpg"
"711","shooters","wsciekly-pies-chien-enrage","3 cl de vodka","https://assets.afcdn.com/recipe/20181130/84448_w30h30c1cx250cy250.jpg"
"712","shooters","wsciekly-pies-chien-enrage","2 gouttes de tabasco","https://assets.afcdn.com/recipe/20181130/84448_w30h30c1cx250cy250.jpg"
"713","shooters","freedent","1.5 cl de vodka","https://assets.afcdn.com/recipe/20180709/80472_w30h30c1cx184cy185.jpg"
"714","shooters","freedent","1.5 cl de liqueur de menthe blanche (get 31)","https://assets.afcdn.com/recipe/20180709/80472_w30h30c1cx184cy185.jpg"
"715","shooters","sweet-spice","3 cl de crème de cassis","https://assets.afcdn.com/recipe/20181130/84448_w30h30c1cx250cy250.jpg"
"716","shooters","sweet-spice","3 cl de vodka","https://assets.afcdn.com/recipe/20181130/84448_w30h30c1cx250cy250.jpg"
"717","shooters","sweet-spice","1 trait de tabasco","https://assets.afcdn.com/recipe/20181130/84448_w30h30c1cx250cy250.jpg"
"718","shooters","kalachnikov","10 cl de vodka",NA
"719","shooters","kalachnikov","1/2 cl d'absinthe",NA
"720","shooters","kalachnikov"," Citron",NA
"721","shooters","kalachnikov"," Sucre",NA
"722","shooters","kalachnikov"," Cannelle",NA
"723","shooters","ami-corse","3 cl de chartreuse verte",NA
"724","shooters","ami-corse","3 cl de liqueur de menthe verte (get 27)",NA
"725","shooters","ami-corse","2 cl de liqueur de café (kahlua, marie brizard)",NA
